2026.08.02 23:40:10 INFO  Started: Metals version 1.6.8 in folders 'C:\Users\jivan\OneDrive\Documents\Learning\TP\LearnScala\rockthejvm' for client Visual Studio Code 1.130.0.
2026.08.02 23:40:10 INFO  Memory monitor started
2026.08.02 23:40:11 WARN  Using H2 2.4.240 which is newer than the version Flyway has been verified with. The latest verified version of H2 is 2.3.232.
2026.08.02 23:40:38 INFO  running 'C:\Program Files\Java\jdk-21\bin\java.exe -Djline.terminal=jline.UnsupportedTerminal -Dsbt.log.noformat=true -Dfile.encoding=UTF-8 -jar C:\Users\jivan\AppData\Local\Temp\metals18209366220671036748\sbt-launch.jar -Dbloop.export-jar-classifiers=sources -Dbloop.export-meta-build=true bloopInstall'
2026.08.02 23:40:38 INFO  no build target found for C:\Users\jivan\OneDrive\Documents\Learning\TP\LearnScala\rockthejvm\project\metals.sbt. Using presentation compiler with project's scala-library version: 3.3.8
2026.08.02 23:40:38 WARN  no build target for: C:\Users\jivan\OneDrive\Documents\Learning\TP\LearnScala\rockthejvm\project\metals.sbt
2026.08.02 23:40:38 WARN  no build target for: C:\Users\jivan\OneDrive\Documents\Learning\TP\LearnScala\rockthejvm\project\project\metals.sbt
2026.08.02 23:40:39 INFO  [info] welcome to sbt 1.11.5 (Oracle Corporation Java 21.0.8)
2026.08.02 23:40:41 INFO  [info] loading global plugins from C:\Users\jivan\.sbt\1.0\plugins
2026.08.02 23:40:41 INFO  no build target found for C:\Users\jivan\OneDrive\Documents\Learning\TP\LearnScala\rockthejvm\project\project\metals.sbt. Using presentation compiler with project's scala-library version: 3.3.8
2026.08.02 23:40:43 INFO  [info] loading settings for project rockthejvm-build-build from metals.sbt...
2026.08.02 23:40:43 INFO  [info] loading project definition from C:\Users\jivan\OneDrive\Documents\Learning\TP\LearnScala\rockthejvm\project\project
2026.08.02 23:40:45 INFO  [info] loading settings for project rockthejvm-build from metals.sbt...
2026.08.02 23:40:45 INFO  [info] loading project definition from C:\Users\jivan\OneDrive\Documents\Learning\TP\LearnScala\rockthejvm\project
2026.08.02 23:40:48 INFO  [success] Generated .bloop\rockthejvm-build.json
2026.08.02 23:40:48 INFO  [success] Total time: 2 s, completed 02-Aug-2026, 11:40:48 pm
2026.08.02 23:40:49 INFO  [info] loading settings for project root from build.sbt...
2026.08.02 23:40:49 INFO  [info] set current project to rockthejvm (in build file:/C:/Users/jivan/OneDrive/Documents/Learning/TP/LearnScala/rockthejvm/)
2026.08.02 23:40:49 INFO  [success] Generated .bloop\root.json
2026.08.02 23:40:49 INFO  [success] Generated .bloop\root-test.json
2026.08.02 23:40:49 INFO  [success] Total time: 0 s, completed 02-Aug-2026, 11:40:49 pm
2026.08.02 23:40:49 INFO  time: ran 'sbt bloopInstall' in 11s
2026.08.02 23:40:49 INFO  running 'C:\Program Files\Java\jdk-21\bin\java.exe -Djline.terminal=jline.UnsupportedTerminal -Dsbt.log.noformat=true -Dfile.encoding=UTF-8 -jar C:\Users\jivan\AppData\Local\Temp\metals3326510410865727777\sbt-launch.jar -Dbloop.export-jar-classifiers=sources -Dbloop.export-meta-build=true bloopInstall'
2026.08.02 23:40:51 INFO  [info] welcome to sbt 1.11.5 (Oracle Corporation Java 21.0.8)
2026.08.02 23:40:53 INFO  [info] loading global plugins from C:\Users\jivan\.sbt\1.0\plugins
2026.08.02 23:40:54 INFO  [info] loading settings for project rockthejvm-build-build from metals.sbt...
2026.08.02 23:40:54 INFO  [info] loading project definition from C:\Users\jivan\OneDrive\Documents\Learning\TP\LearnScala\rockthejvm\project\project
2026.08.02 23:40:54 INFO  [info] loading settings for project rockthejvm-build from metals.sbt...
2026.08.02 23:40:54 INFO  [info] loading project definition from C:\Users\jivan\OneDrive\Documents\Learning\TP\LearnScala\rockthejvm\project
2026.08.02 23:40:56 INFO  [success] Generated .bloop\rockthejvm-build.json
2026.08.02 23:40:56 INFO  [success] Total time: 2 s, completed 02-Aug-2026, 11:40:56 pm
2026.08.02 23:40:56 INFO  [info] loading settings for project root from build.sbt...
2026.08.02 23:40:56 INFO  [info] set current project to rockthejvm (in build file:/C:/Users/jivan/OneDrive/Documents/Learning/TP/LearnScala/rockthejvm/)
2026.08.02 23:40:56 INFO  [success] Generated .bloop\root.json
2026.08.02 23:40:56 INFO  [success] Generated .bloop\root-test.json
2026.08.02 23:40:56 INFO  [success] Total time: 0 s, completed 02-Aug-2026, 11:40:57 pm
2026.08.02 23:40:57 INFO  time: ran 'sbt bloopInstall' in 7.68s
2026.08.02 23:40:57 INFO  Attempting to connect to the build server...
2026.08.02 23:40:57 INFO  No running Bloop server found, starting one.
2026.08.02 23:41:03 INFO  Starting compilation server
2026.08.02 23:41:05 INFO  Tracing is disabled for protocol BSP. To enable tracing of incoming and outgoing JSON messages, create an empty file at C:\Users\jivan\OneDrive\Documents\Learning\TP\LearnScala\rockthejvm\.metals\bsp.trace.json or C:\Users\jivan\AppData\Local\scalameta\metals\cache\bsp.trace.json
2026.08.02 23:41:08 INFO  Attempting to connect to the build server...
2026.08.02 23:41:08 INFO  Found a Bloop server running
2026.08.02 23:41:09 INFO  Tracing is disabled for protocol BSP. To enable tracing of incoming and outgoing JSON messages, create an empty file at C:\Users\jivan\OneDrive\Documents\Learning\TP\LearnScala\rockthejvm\project\.metals\bsp.trace.json or C:\Users\jivan\AppData\Local\scalameta\metals\cache\bsp.trace.json
2026.08.02 23:41:09 INFO  time: Connected to build server in 11s
2026.08.02 23:41:09 INFO  Connected to Build server: Bloop v2.1.1
2026.08.02 23:41:09 INFO  time: Imported build in 0.13s
Aug 02, 2026 11:41:12 PM org.eclipse.lsp4j.jsonrpc.RemoteEndpoint handleCancellation
WARNING: Unmatched cancel notification for request id 8
2026.08.02 23:41:14 WARN  Using H2 2.4.240 which is newer than the version Flyway has been verified with. The latest verified version of H2 is 2.3.232.
2026.08.02 23:41:20 INFO  time: indexed workspace in 11s
2026.08.02 23:44:17 INFO  compiling root (6 scala sources)
2026.08.02 23:44:17 INFO  Non-compiled module 'compiler-bridge_2.12' for Scala 2.12.20. Compiling...
2026.08.02 23:44:25 INFO  Compilation completed in 8.298s.
2026.08.02 23:44:28 INFO  time: compiled root in 10s
2026.08.02 23:44:28 INFO  compiling root (6 scala sources)
2026.08.02 23:44:28 INFO  time: compiled root in 0.53s
Aug 02, 2026 11:45:07 PM scala.meta.internal.pc.CompilerAccess retryWithCleanCompiler
INFO: compiler crashed due to an error in the Scala compiler, retrying with new compiler instance.
2026.08.02 23:46:14 INFO  compiling root (6 scala sources)
2026.08.02 23:46:15 INFO  time: compiled root in 1.02s
2026.08.02 23:46:21 INFO  compiling root (6 scala sources)
2026.08.02 23:46:21 INFO  time: compiled root in 0.52s
2026.08.02 23:46:24 INFO  compiling root (6 scala sources)
2026.08.02 23:46:24 INFO  time: compiled root in 0.43s
2026.08.02 23:46:27 INFO  compiling root (6 scala sources)
2026.08.02 23:46:27 INFO  time: compiled root in 0.35s
2026.08.02 23:46:29 INFO  compiling root (6 scala sources)
2026.08.02 23:46:29 INFO  time: compiled root in 0.37s
Aug 02, 2026 11:46:30 PM org.eclipse.lsp4j.jsonrpc.RemoteEndpoint handleCancellation
WARNING: Unmatched cancel notification for request id 170
2026.08.02 23:46:35 INFO  compiling root (6 scala sources)
2026.08.02 23:46:35 INFO  time: compiled root in 0.14s
Aug 02, 2026 11:46:39 PM org.eclipse.lsp4j.jsonrpc.RemoteEndpoint handleCancellation
WARNING: Unmatched cancel notification for request id 256
2026.08.02 23:46:43 INFO  compiling root (6 scala sources)
2026.08.02 23:46:43 INFO  time: compiled root in 0.1s
2026.08.02 23:46:45 INFO  compiling root (6 scala sources)
2026.08.02 23:46:49 INFO  time: compiled root in 4.05s
2026.08.02 23:46:49 INFO  compiling root (1 scala source)
2026.08.02 23:46:49 INFO  time: compiled root in 0.73s
Aug 02, 2026 11:47:40 PM org.eclipse.lsp4j.jsonrpc.services.GenericEndpoint notify
INFO: Unsupported notification method: $/setTrace
Aug 02, 2026 11:47:41 PM org.eclipse.lsp4j.jsonrpc.services.GenericEndpoint notify
INFO: Unsupported notification method: $/setTrace
2026.08.02 23:47:58 INFO  compiling root (1 scala source)
2026.08.02 23:48:00 INFO  time: compiled root in 1.99s
2026.08.02 23:48:56 INFO  compiling root (1 scala source)
2026.08.02 23:48:58 INFO  time: compiled root in 2.11s
2026.08.02 23:49:03 INFO  compiling root (1 scala source)
2026.08.02 23:49:04 INFO  time: compiled root in 1.11s
2026.08.02 23:49:06 INFO  compiling root (1 scala source)
2026.08.02 23:49:06 INFO  time: compiled root in 0.84s
2026.08.02 23:49:08 INFO  compiling root (1 scala source)
Aug 02, 2026 11:49:08 PM org.eclipse.lsp4j.jsonrpc.RemoteEndpoint handleCancellation
WARNING: Unmatched cancel notification for request id 564
2026.08.02 23:49:08 INFO  time: compiled root in 0.94s
2026.08.02 23:49:10 INFO  compiling root (1 scala source)
2026.08.02 23:49:10 INFO  time: compiled root in 0.12s
2026.08.02 23:49:10 WARN  Could not load snapshot text for C:\Users\jivan\OneDrive\Documents\Learning\TP\LearnScala\rockthejvm\src\main\scala\com\aryan\Basics.scala
2026.08.02 23:49:11 WARN  Could not load snapshot text for C:\Users\jivan\OneDrive\Documents\Learning\TP\LearnScala\rockthejvm\src\main\scala\com\aryan\Basics.scala
2026.08.02 23:49:12 INFO  compiling root (1 scala source)
2026.08.02 23:49:12 INFO  time: compiled root in 0.86s
2026.08.02 23:56:02 INFO  compiling root (1 scala source)
2026.08.02 23:56:02 INFO  time: compiled root in 0.82s
2026.08.02 23:56:02 INFO  compiling root (1 scala source)
2026.08.02 23:56:03 INFO  time: compiled root in 0.18s
2026.08.02 23:56:13 WARN  Invalid text document uri received from build server: file:///C:/Users/jivan/OneDrive/Documents/Learning/TP/LearnScala/rockthejvm/src/main/scala/com/aryan/rest/package.scala
2026.08.02 23:56:35 INFO  compiling root (1 scala source)
2026.08.02 23:56:37 INFO  time: compiled root in 1.67s
2026.08.02 23:56:37 INFO  compiling root (1 scala source)
2026.08.02 23:56:37 INFO  time: compiled root in 0.42s
2026.08.03 00:17:13 INFO  compiling root (1 scala source)
2026.08.03 00:17:13 INFO  time: compiled root in 0.18s
2026.08.03 00:17:17 INFO  compiling root (1 scala source)
2026.08.03 00:17:18 INFO  time: compiled root in 1.31s
2026.08.03 00:17:22 INFO  compiling root (1 scala source)
2026.08.03 00:17:22 INFO  time: compiled root in 0.16s
2026.08.03 00:17:28 INFO  compiling root (1 scala source)
2026.08.03 00:17:28 INFO  time: compiled root in 0.12s
2026.08.03 00:17:39 INFO  compiling root (1 scala source)
2026.08.03 00:17:39 INFO  time: compiled root in 0.95s
2026.08.03 00:19:04 INFO  compiling root (1 scala source)
2026.08.03 00:19:04 INFO  time: compiled root in 0.93s
2026.08.03 00:20:56 INFO  compiling root (1 scala source)
2026.08.03 00:20:59 INFO  time: compiled root in 2.75s
2026.08.03 00:21:19 INFO  compiling root (1 scala source)
2026.08.03 00:21:20 INFO  time: compiled root in 1.21s
2026.08.03 00:21:31 INFO  compiling root (1 scala source)
2026.08.03 00:21:31 INFO  time: compiled root in 0.9s
Aug 03, 2026 12:21:32 AM scala.meta.internal.pc.CompilerAccess retryWithCleanCompiler
INFO: compiler crashed due to an error in the Scala compiler, retrying with new compiler instance.
2026.08.03 00:21:33 INFO  compiling root (1 scala source)
2026.08.03 00:21:33 INFO  time: compiled root in 0.11s
2026.08.03 00:21:34 INFO  compiling root (1 scala source)
2026.08.03 00:21:34 INFO  time: compiled root in 0.13s
2026.08.03 00:21:39 INFO  compiling root (1 scala source)
2026.08.03 00:21:39 INFO  time: compiled root in 0.12s
2026.08.03 00:21:52 INFO  compiling root (1 scala source)
2026.08.03 00:21:52 INFO  time: compiled root in 0.12s
2026.08.03 00:21:53 INFO  compiling root (1 scala source)
2026.08.03 00:21:53 INFO  time: compiled root in 0.11s
2026.08.03 00:22:28 INFO  compiling root (1 scala source)
2026.08.03 00:22:28 INFO  time: compiled root in 0.1s
Aug 03, 2026 12:22:30 AM org.eclipse.lsp4j.jsonrpc.RemoteEndpoint handleCancellation
WARNING: Unmatched cancel notification for request id 874
Aug 03, 2026 12:22:30 AM org.eclipse.lsp4j.jsonrpc.RemoteEndpoint handleCancellation
WARNING: Unmatched cancel notification for request id 875
Aug 03, 2026 12:22:30 AM org.eclipse.lsp4j.jsonrpc.RemoteEndpoint handleCancellation
WARNING: Unmatched cancel notification for request id 876
Aug 03, 2026 12:22:30 AM org.eclipse.lsp4j.jsonrpc.RemoteEndpoint handleCancellation
WARNING: Unmatched cancel notification for request id 877
2026.08.03 00:22:31 INFO  compiling root (1 scala source)
2026.08.03 00:22:31 INFO  time: compiled root in 92ms
2026.08.03 00:22:32 INFO  compiling root (1 scala source)
2026.08.03 00:22:32 INFO  time: compiled root in 87ms
2026.08.03 00:22:46 INFO  compiling root (1 scala source)
2026.08.03 00:22:46 INFO  time: compiled root in 95ms
2026.08.03 00:22:49 INFO  compiling root (1 scala source)
2026.08.03 00:22:49 INFO  time: compiled root in 0.1s
2026.08.03 00:23:01 INFO  compiling root (1 scala source)
2026.08.03 00:23:01 INFO  time: compiled root in 93ms
2026.08.03 00:23:03 INFO  compiling root (1 scala source)
2026.08.03 00:23:03 INFO  time: compiled root in 75ms
2026.08.03 00:23:05 INFO  compiling root (1 scala source)
2026.08.03 00:23:05 INFO  time: compiled root in 87ms
2026.08.03 00:23:07 INFO  compiling root (1 scala source)
2026.08.03 00:23:07 INFO  time: compiled root in 95ms
2026.08.03 00:23:22 INFO  compiling root (1 scala source)
2026.08.03 00:23:22 INFO  time: compiled root in 89ms
2026.08.03 00:23:28 INFO  compiling root (1 scala source)
2026.08.03 00:23:28 INFO  time: compiled root in 86ms
Aug 03, 2026 12:32:03 AM org.eclipse.lsp4j.jsonrpc.services.GenericEndpoint notify
INFO: Unsupported notification method: $/setTrace
2026.08.03 00:33:45 INFO  Created report: Optional.empty
2026.08.03 00:33:45 INFO  No project associated with Uri(file:/C:/Users/jivan/OneDrive/Documents/Learning/TP/LearnScala/rockth... (full report at: "C:\Users\jivan\OneDrive\Documents\Learning\TP\LearnScala\rockthejvm\.metals\.reports\bloop\2026-08-03\r_No project associate..._00-33-45-019.md")
2026.08.03 00:33:45 INFO  No project associated with Uri(file:/C:/Users/jivan/OneDrive/Documents/Learning/TP/LearnScala/rockth... (full report at: "C:\Users\jivan\OneDrive\Documents\Learning\TP\LearnScala\rockthejvm\.metals\.reports\bloop\2026-08-03\r_No project associate..._00-33-45-019.md")
2026.08.03 00:33:45 INFO  No project associated with Uri(file:/C:/Users/jivan/OneDrive/Documents/Learning/TP/LearnScala/rockth... (full report at: "C:\Users\jivan\OneDrive\Documents\Learning\TP\LearnScala\rockthejvm\.metals\.reports\bloop\2026-08-03\r_No project associate..._00-33-45-019.md")
2026.08.03 00:34:09 INFO  No project associated with Uri(file:/C:/Users/jivan/OneDrive/Documents/Learning/TP/LearnScala/rockth... (full report at: "C:\Users\jivan\OneDrive\Documents\Learning\TP\LearnScala\rockthejvm\.metals\.reports\bloop\2026-08-03\r_No project associate..._00-33-45-019.md")
2026.08.03 00:34:09 INFO  No project associated with Uri(file:/C:/Users/jivan/OneDrive/Documents/Learning/TP/LearnScala/rockth... (full report at: "C:\Users\jivan\OneDrive\Documents\Learning\TP\LearnScala\rockthejvm\.metals\.reports\bloop\2026-08-03\r_No project associate..._00-33-45-019.md")
2026.08.03 00:34:09 INFO  No project associated with Uri(file:/C:/Users/jivan/OneDrive/Documents/Learning/TP/LearnScala/rockth... (full report at: "C:\Users\jivan\OneDrive\Documents\Learning\TP\LearnScala\rockthejvm\.metals\.reports\bloop\2026-08-03\r_No project associate..._00-33-45-019.md")
2026.08.03 00:34:23 INFO  Created report: Optional[file:///c:/Users/jivan/OneDrive/Documents/Learning/TP/LearnScala/rockthejvm/Main.scala]
2026.08.03 00:34:23 INFO  java.lang.NullPointerException: Cannot read the array length because "a" is null (full report at: "C:\Users\jivan\OneDrive\Documents\Learning\TP\LearnScala\rockthejvm\.metals\.reports\metals-full\2026-08-03\r_compiler-error_00-34-23-026.md")
2026.08.03 00:34:27 INFO  No project associated with Uri(file:/C:/Users/jivan/OneDrive/Documents/Learning/TP/LearnScala/rockth... (full report at: "C:\Users\jivan\OneDrive\Documents\Learning\TP\LearnScala\rockthejvm\.metals\.reports\bloop\2026-08-03\r_No project associate..._00-33-45-019.md")
2026.08.03 00:34:27 INFO  No project associated with Uri(file:/C:/Users/jivan/OneDrive/Documents/Learning/TP/LearnScala/rockth... (full report at: "C:\Users\jivan\OneDrive\Documents\Learning\TP\LearnScala\rockthejvm\.metals\.reports\bloop\2026-08-03\r_No project associate..._00-33-45-019.md")
2026.08.03 00:34:27 INFO  No project associated with Uri(file:/C:/Users/jivan/OneDrive/Documents/Learning/TP/LearnScala/rockth... (full report at: "C:\Users\jivan\OneDrive\Documents\Learning\TP\LearnScala\rockthejvm\.metals\.reports\bloop\2026-08-03\r_No project associate..._00-33-45-019.md")
2026.08.03 00:34:30 INFO  No project associated with Uri(file:/C:/Users/jivan/OneDrive/Documents/Learning/TP/LearnScala/rockth... (full report at: "C:\Users\jivan\OneDrive\Documents\Learning\TP\LearnScala\rockthejvm\.metals\.reports\bloop\2026-08-03\r_No project associate..._00-33-45-019.md")
2026.08.03 00:34:30 INFO  No project associated with Uri(file:/C:/Users/jivan/OneDrive/Documents/Learning/TP/LearnScala/rockth... (full report at: "C:\Users\jivan\OneDrive\Documents\Learning\TP\LearnScala\rockthejvm\.metals\.reports\bloop\2026-08-03\r_No project associate..._00-33-45-019.md")
2026.08.03 00:34:30 INFO  No project associated with Uri(file:/C:/Users/jivan/OneDrive/Documents/Learning/TP/LearnScala/rockth... (full report at: "C:\Users\jivan\OneDrive\Documents\Learning\TP\LearnScala\rockthejvm\.metals\.reports\bloop\2026-08-03\r_No project associate..._00-33-45-019.md")
2026.08.03 00:38:16 INFO  No project associated with Uri(file:/C:/Users/jivan/OneDrive/Documents/Learning/TP/LearnScala/rockth... (full report at: "C:\Users\jivan\OneDrive\Documents\Learning\TP\LearnScala\rockthejvm\.metals\.reports\bloop\2026-08-03\r_No project associate..._00-33-45-019.md")
2026.08.03 00:38:16 INFO  No project associated with Uri(file:/C:/Users/jivan/OneDrive/Documents/Learning/TP/LearnScala/rockth... (full report at: "C:\Users\jivan\OneDrive\Documents\Learning\TP\LearnScala\rockthejvm\.metals\.reports\bloop\2026-08-03\r_No project associate..._00-33-45-019.md")
2026.08.03 00:38:16 INFO  No project associated with Uri(file:/C:/Users/jivan/OneDrive/Documents/Learning/TP/LearnScala/rockth... (full report at: "C:\Users\jivan\OneDrive\Documents\Learning\TP\LearnScala\rockthejvm\.metals\.reports\bloop\2026-08-03\r_No project associate..._00-33-45-019.md")
2026.08.03 00:38:17 INFO  No project associated with Uri(file:/C:/Users/jivan/OneDrive/Documents/Learning/TP/LearnScala/rockth... (full report at: "C:\Users\jivan\OneDrive\Documents\Learning\TP\LearnScala\rockthejvm\.metals\.reports\bloop\2026-08-03\r_No project associate..._00-33-45-019.md")
2026.08.03 00:38:17 INFO  No project associated with Uri(file:/C:/Users/jivan/OneDrive/Documents/Learning/TP/LearnScala/rockth... (full report at: "C:\Users\jivan\OneDrive\Documents\Learning\TP\LearnScala\rockthejvm\.metals\.reports\bloop\2026-08-03\r_No project associate..._00-33-45-019.md")
2026.08.03 00:38:17 INFO  No project associated with Uri(file:/C:/Users/jivan/OneDrive/Documents/Learning/TP/LearnScala/rockth... (full report at: "C:\Users\jivan\OneDrive\Documents\Learning\TP\LearnScala\rockthejvm\.metals\.reports\bloop\2026-08-03\r_No project associate..._00-33-45-019.md")
2026.08.03 00:38:19 INFO  No project associated with Uri(file:/C:/Users/jivan/OneDrive/Documents/Learning/TP/LearnScala/rockth... (full report at: "C:\Users\jivan\OneDrive\Documents\Learning\TP\LearnScala\rockthejvm\.metals\.reports\bloop\2026-08-03\r_No project associate..._00-33-45-019.md")
2026.08.03 00:38:19 INFO  No project associated with Uri(file:/C:/Users/jivan/OneDrive/Documents/Learning/TP/LearnScala/rockth... (full report at: "C:\Users\jivan\OneDrive\Documents\Learning\TP\LearnScala\rockthejvm\.metals\.reports\bloop\2026-08-03\r_No project associate..._00-33-45-019.md")
2026.08.03 00:38:19 INFO  No project associated with Uri(file:/C:/Users/jivan/OneDrive/Documents/Learning/TP/LearnScala/rockth... (full report at: "C:\Users\jivan\OneDrive\Documents\Learning\TP\LearnScala\rockthejvm\.metals\.reports\bloop\2026-08-03\r_No project associate..._00-33-45-019.md")
2026.08.03 00:38:22 INFO  No project associated with Uri(file:/C:/Users/jivan/OneDrive/Documents/Learning/TP/LearnScala/rockth... (full report at: "C:\Users\jivan\OneDrive\Documents\Learning\TP\LearnScala\rockthejvm\.metals\.reports\bloop\2026-08-03\r_No project associate..._00-33-45-019.md")
2026.08.03 00:38:22 INFO  No project associated with Uri(file:/C:/Users/jivan/OneDrive/Documents/Learning/TP/LearnScala/rockth... (full report at: "C:\Users\jivan\OneDrive\Documents\Learning\TP\LearnScala\rockthejvm\.metals\.reports\bloop\2026-08-03\r_No project associate..._00-33-45-019.md")
2026.08.03 00:38:22 INFO  No project associated with Uri(file:/C:/Users/jivan/OneDrive/Documents/Learning/TP/LearnScala/rockth... (full report at: "C:\Users\jivan\OneDrive\Documents\Learning\TP\LearnScala\rockthejvm\.metals\.reports\bloop\2026-08-03\r_No project associate..._00-33-45-019.md")
2026.08.03 00:44:26 INFO  No project associated with Uri(file:/C:/Users/jivan/OneDrive/Documents/Learning/TP/LearnScala/rockth... (full report at: "C:\Users\jivan\OneDrive\Documents\Learning\TP\LearnScala\rockthejvm\.metals\.reports\bloop\2026-08-03\r_No project associate..._00-33-45-019.md")
2026.08.03 00:44:26 INFO  No project associated with Uri(file:/C:/Users/jivan/OneDrive/Documents/Learning/TP/LearnScala/rockth... (full report at: "C:\Users\jivan\OneDrive\Documents\Learning\TP\LearnScala\rockthejvm\.metals\.reports\bloop\2026-08-03\r_No project associate..._00-33-45-019.md")
2026.08.03 00:44:26 INFO  No project associated with Uri(file:/C:/Users/jivan/OneDrive/Documents/Learning/TP/LearnScala/rockth... (full report at: "C:\Users\jivan\OneDrive\Documents\Learning\TP\LearnScala\rockthejvm\.metals\.reports\bloop\2026-08-03\r_No project associate..._00-33-45-019.md")
2026.08.03 00:44:28 INFO  No project associated with Uri(file:/C:/Users/jivan/OneDrive/Documents/Learning/TP/LearnScala/rockth... (full report at: "C:\Users\jivan\OneDrive\Documents\Learning\TP\LearnScala\rockthejvm\.metals\.reports\bloop\2026-08-03\r_No project associate..._00-33-45-019.md")
2026.08.03 00:44:28 INFO  No project associated with Uri(file:/C:/Users/jivan/OneDrive/Documents/Learning/TP/LearnScala/rockth... (full report at: "C:\Users\jivan\OneDrive\Documents\Learning\TP\LearnScala\rockthejvm\.metals\.reports\bloop\2026-08-03\r_No project associate..._00-33-45-019.md")
2026.08.03 00:44:28 INFO  No project associated with Uri(file:/C:/Users/jivan/OneDrive/Documents/Learning/TP/LearnScala/rockth... (full report at: "C:\Users\jivan\OneDrive\Documents\Learning\TP\LearnScala\rockthejvm\.metals\.reports\bloop\2026-08-03\r_No project associate..._00-33-45-019.md")
2026.08.03 00:44:31 INFO  No project associated with Uri(file:/C:/Users/jivan/OneDrive/Documents/Learning/TP/LearnScala/rockth... (full report at: "C:\Users\jivan\OneDrive\Documents\Learning\TP\LearnScala\rockthejvm\.metals\.reports\bloop\2026-08-03\r_No project associate..._00-33-45-019.md")
2026.08.03 00:44:31 INFO  No project associated with Uri(file:/C:/Users/jivan/OneDrive/Documents/Learning/TP/LearnScala/rockth... (full report at: "C:\Users\jivan\OneDrive\Documents\Learning\TP\LearnScala\rockthejvm\.metals\.reports\bloop\2026-08-03\r_No project associate..._00-33-45-019.md")
2026.08.03 00:44:31 INFO  No project associated with Uri(file:/C:/Users/jivan/OneDrive/Documents/Learning/TP/LearnScala/rockth... (full report at: "C:\Users\jivan\OneDrive\Documents\Learning\TP\LearnScala\rockthejvm\.metals\.reports\bloop\2026-08-03\r_No project associate..._00-33-45-019.md")
2026.08.03 00:45:29 INFO  No project associated with Uri(file:/C:/Users/jivan/OneDrive/Documents/Learning/TP/LearnScala/rockth... (full report at: "C:\Users\jivan\OneDrive\Documents\Learning\TP\LearnScala\rockthejvm\.metals\.reports\bloop\2026-08-03\r_No project associate..._00-33-45-019.md")
2026.08.03 00:45:29 INFO  No project associated with Uri(file:/C:/Users/jivan/OneDrive/Documents/Learning/TP/LearnScala/rockth... (full report at: "C:\Users\jivan\OneDrive\Documents\Learning\TP\LearnScala\rockthejvm\.metals\.reports\bloop\2026-08-03\r_No project associate..._00-33-45-019.md")
2026.08.03 00:45:29 INFO  No project associated with Uri(file:/C:/Users/jivan/OneDrive/Documents/Learning/TP/LearnScala/rockth... (full report at: "C:\Users\jivan\OneDrive\Documents\Learning\TP\LearnScala\rockthejvm\.metals\.reports\bloop\2026-08-03\r_No project associate..._00-33-45-019.md")
2026.08.03 00:45:33 INFO  No project associated with Uri(file:/C:/Users/jivan/OneDrive/Documents/Learning/TP/LearnScala/rockth... (full report at: "C:\Users\jivan\OneDrive\Documents\Learning\TP\LearnScala\rockthejvm\.metals\.reports\bloop\2026-08-03\r_No project associate..._00-33-45-019.md")
2026.08.03 00:45:33 INFO  No project associated with Uri(file:/C:/Users/jivan/OneDrive/Documents/Learning/TP/LearnScala/rockth... (full report at: "C:\Users\jivan\OneDrive\Documents\Learning\TP\LearnScala\rockthejvm\.metals\.reports\bloop\2026-08-03\r_No project associate..._00-33-45-019.md")
2026.08.03 00:45:33 INFO  No project associated with Uri(file:/C:/Users/jivan/OneDrive/Documents/Learning/TP/LearnScala/rockth... (full report at: "C:\Users\jivan\OneDrive\Documents\Learning\TP\LearnScala\rockthejvm\.metals\.reports\bloop\2026-08-03\r_No project associate..._00-33-45-019.md")
2026.08.03 00:45:42 INFO  No project associated with Uri(file:/C:/Users/jivan/OneDrive/Documents/Learning/TP/LearnScala/rockth... (full report at: "C:\Users\jivan\OneDrive\Documents\Learning\TP\LearnScala\rockthejvm\.metals\.reports\bloop\2026-08-03\r_No project associate..._00-33-45-019.md")
2026.08.03 00:45:42 INFO  No project associated with Uri(file:/C:/Users/jivan/OneDrive/Documents/Learning/TP/LearnScala/rockth... (full report at: "C:\Users\jivan\OneDrive\Documents\Learning\TP\LearnScala\rockthejvm\.metals\.reports\bloop\2026-08-03\r_No project associate..._00-33-45-019.md")
2026.08.03 00:45:42 INFO  No project associated with Uri(file:/C:/Users/jivan/OneDrive/Documents/Learning/TP/LearnScala/rockth... (full report at: "C:\Users\jivan\OneDrive\Documents\Learning\TP\LearnScala\rockthejvm\.metals\.reports\bloop\2026-08-03\r_No project associate..._00-33-45-019.md")
2026.08.03 00:45:44 INFO  No project associated with Uri(file:/C:/Users/jivan/OneDrive/Documents/Learning/TP/LearnScala/rockth... (full report at: "C:\Users\jivan\OneDrive\Documents\Learning\TP\LearnScala\rockthejvm\.metals\.reports\bloop\2026-08-03\r_No project associate..._00-33-45-019.md")
2026.08.03 00:45:44 INFO  No project associated with Uri(file:/C:/Users/jivan/OneDrive/Documents/Learning/TP/LearnScala/rockth... (full report at: "C:\Users\jivan\OneDrive\Documents\Learning\TP\LearnScala\rockthejvm\.metals\.reports\bloop\2026-08-03\r_No project associate..._00-33-45-019.md")
2026.08.03 00:45:44 INFO  No project associated with Uri(file:/C:/Users/jivan/OneDrive/Documents/Learning/TP/LearnScala/rockth... (full report at: "C:\Users\jivan\OneDrive\Documents\Learning\TP\LearnScala\rockthejvm\.metals\.reports\bloop\2026-08-03\r_No project associate..._00-33-45-019.md")
2026.08.03 00:45:45 INFO  No project associated with Uri(file:/C:/Users/jivan/OneDrive/Documents/Learning/TP/LearnScala/rockth... (full report at: "C:\Users\jivan\OneDrive\Documents\Learning\TP\LearnScala\rockthejvm\.metals\.reports\bloop\2026-08-03\r_No project associate..._00-33-45-019.md")
2026.08.03 00:45:45 INFO  No project associated with Uri(file:/C:/Users/jivan/OneDrive/Documents/Learning/TP/LearnScala/rockth... (full report at: "C:\Users\jivan\OneDrive\Documents\Learning\TP\LearnScala\rockthejvm\.metals\.reports\bloop\2026-08-03\r_No project associate..._00-33-45-019.md")
2026.08.03 00:45:45 INFO  No project associated with Uri(file:/C:/Users/jivan/OneDrive/Documents/Learning/TP/LearnScala/rockth... (full report at: "C:\Users\jivan\OneDrive\Documents\Learning\TP\LearnScala\rockthejvm\.metals\.reports\bloop\2026-08-03\r_No project associate..._00-33-45-019.md")
2026.08.03 00:45:45 INFO  No project associated with Uri(file:/C:/Users/jivan/OneDrive/Documents/Learning/TP/LearnScala/rockth... (full report at: "C:\Users\jivan\OneDrive\Documents\Learning\TP\LearnScala\rockthejvm\.metals\.reports\bloop\2026-08-03\r_No project associate..._00-33-45-019.md")
2026.08.03 00:45:45 INFO  No project associated with Uri(file:/C:/Users/jivan/OneDrive/Documents/Learning/TP/LearnScala/rockth... (full report at: "C:\Users\jivan\OneDrive\Documents\Learning\TP\LearnScala\rockthejvm\.metals\.reports\bloop\2026-08-03\r_No project associate..._00-33-45-019.md")
2026.08.03 00:45:45 INFO  No project associated with Uri(file:/C:/Users/jivan/OneDrive/Documents/Learning/TP/LearnScala/rockth... (full report at: "C:\Users\jivan\OneDrive\Documents\Learning\TP\LearnScala\rockthejvm\.metals\.reports\bloop\2026-08-03\r_No project associate..._00-33-45-019.md")
2026.08.03 00:45:48 INFO  No project associated with Uri(file:/C:/Users/jivan/OneDrive/Documents/Learning/TP/LearnScala/rockth... (full report at: "C:\Users\jivan\OneDrive\Documents\Learning\TP\LearnScala\rockthejvm\.metals\.reports\bloop\2026-08-03\r_No project associate..._00-33-45-019.md")
2026.08.03 00:45:48 INFO  No project associated with Uri(file:/C:/Users/jivan/OneDrive/Documents/Learning/TP/LearnScala/rockth... (full report at: "C:\Users\jivan\OneDrive\Documents\Learning\TP\LearnScala\rockthejvm\.metals\.reports\bloop\2026-08-03\r_No project associate..._00-33-45-019.md")
2026.08.03 00:45:48 INFO  No project associated with Uri(file:/C:/Users/jivan/OneDrive/Documents/Learning/TP/LearnScala/rockth... (full report at: "C:\Users\jivan\OneDrive\Documents\Learning\TP\LearnScala\rockthejvm\.metals\.reports\bloop\2026-08-03\r_No project associate..._00-33-45-019.md")
2026.08.03 00:45:51 INFO  No project associated with Uri(file:/C:/Users/jivan/OneDrive/Documents/Learning/TP/LearnScala/rockth... (full report at: "C:\Users\jivan\OneDrive\Documents\Learning\TP\LearnScala\rockthejvm\.metals\.reports\bloop\2026-08-03\r_No project associate..._00-33-45-019.md")
2026.08.03 00:45:51 INFO  No project associated with Uri(file:/C:/Users/jivan/OneDrive/Documents/Learning/TP/LearnScala/rockth... (full report at: "C:\Users\jivan\OneDrive\Documents\Learning\TP\LearnScala\rockthejvm\.metals\.reports\bloop\2026-08-03\r_No project associate..._00-33-45-019.md")
2026.08.03 00:45:51 INFO  No project associated with Uri(file:/C:/Users/jivan/OneDrive/Documents/Learning/TP/LearnScala/rockth... (full report at: "C:\Users\jivan\OneDrive\Documents\Learning\TP\LearnScala\rockthejvm\.metals\.reports\bloop\2026-08-03\r_No project associate..._00-33-45-019.md")
2026.08.03 00:45:54 INFO  No project associated with Uri(file:/C:/Users/jivan/OneDrive/Documents/Learning/TP/LearnScala/rockth... (full report at: "C:\Users\jivan\OneDrive\Documents\Learning\TP\LearnScala\rockthejvm\.metals\.reports\bloop\2026-08-03\r_No project associate..._00-33-45-019.md")
2026.08.03 00:45:54 INFO  No project associated with Uri(file:/C:/Users/jivan/OneDrive/Documents/Learning/TP/LearnScala/rockth... (full report at: "C:\Users\jivan\OneDrive\Documents\Learning\TP\LearnScala\rockthejvm\.metals\.reports\bloop\2026-08-03\r_No project associate..._00-33-45-019.md")
2026.08.03 00:45:54 INFO  No project associated with Uri(file:/C:/Users/jivan/OneDrive/Documents/Learning/TP/LearnScala/rockth... (full report at: "C:\Users\jivan\OneDrive\Documents\Learning\TP\LearnScala\rockthejvm\.metals\.reports\bloop\2026-08-03\r_No project associate..._00-33-45-019.md")
2026.08.03 00:45:57 INFO  No project associated with Uri(file:/C:/Users/jivan/OneDrive/Documents/Learning/TP/LearnScala/rockth... (full report at: "C:\Users\jivan\OneDrive\Documents\Learning\TP\LearnScala\rockthejvm\.metals\.reports\bloop\2026-08-03\r_No project associate..._00-33-45-019.md")
2026.08.03 00:45:57 INFO  No project associated with Uri(file:/C:/Users/jivan/OneDrive/Documents/Learning/TP/LearnScala/rockth... (full report at: "C:\Users\jivan\OneDrive\Documents\Learning\TP\LearnScala\rockthejvm\.metals\.reports\bloop\2026-08-03\r_No project associate..._00-33-45-019.md")
2026.08.03 00:45:57 INFO  No project associated with Uri(file:/C:/Users/jivan/OneDrive/Documents/Learning/TP/LearnScala/rockth... (full report at: "C:\Users\jivan\OneDrive\Documents\Learning\TP\LearnScala\rockthejvm\.metals\.reports\bloop\2026-08-03\r_No project associate..._00-33-45-019.md")
2026.08.03 00:45:59 INFO  No project associated with Uri(file:/C:/Users/jivan/OneDrive/Documents/Learning/TP/LearnScala/rockth... (full report at: "C:\Users\jivan\OneDrive\Documents\Learning\TP\LearnScala\rockthejvm\.metals\.reports\bloop\2026-08-03\r_No project associate..._00-33-45-019.md")
2026.08.03 00:45:59 INFO  No project associated with Uri(file:/C:/Users/jivan/OneDrive/Documents/Learning/TP/LearnScala/rockth... (full report at: "C:\Users\jivan\OneDrive\Documents\Learning\TP\LearnScala\rockthejvm\.metals\.reports\bloop\2026-08-03\r_No project associate..._00-33-45-019.md")
2026.08.03 00:45:59 INFO  No project associated with Uri(file:/C:/Users/jivan/OneDrive/Documents/Learning/TP/LearnScala/rockth... (full report at: "C:\Users\jivan\OneDrive\Documents\Learning\TP\LearnScala\rockthejvm\.metals\.reports\bloop\2026-08-03\r_No project associate..._00-33-45-019.md")
2026.08.03 00:46:01 INFO  No project associated with Uri(file:/C:/Users/jivan/OneDrive/Documents/Learning/TP/LearnScala/rockth... (full report at: "C:\Users\jivan\OneDrive\Documents\Learning\TP\LearnScala\rockthejvm\.metals\.reports\bloop\2026-08-03\r_No project associate..._00-33-45-019.md")
2026.08.03 00:46:01 INFO  No project associated with Uri(file:/C:/Users/jivan/OneDrive/Documents/Learning/TP/LearnScala/rockth... (full report at: "C:\Users\jivan\OneDrive\Documents\Learning\TP\LearnScala\rockthejvm\.metals\.reports\bloop\2026-08-03\r_No project associate..._00-33-45-019.md")
2026.08.03 00:46:01 INFO  No project associated with Uri(file:/C:/Users/jivan/OneDrive/Documents/Learning/TP/LearnScala/rockth... (full report at: "C:\Users\jivan\OneDrive\Documents\Learning\TP\LearnScala\rockthejvm\.metals\.reports\bloop\2026-08-03\r_No project associate..._00-33-45-019.md")
2026.08.03 00:46:03 INFO  No project associated with Uri(file:/C:/Users/jivan/OneDrive/Documents/Learning/TP/LearnScala/rockth... (full report at: "C:\Users\jivan\OneDrive\Documents\Learning\TP\LearnScala\rockthejvm\.metals\.reports\bloop\2026-08-03\r_No project associate..._00-33-45-019.md")
2026.08.03 00:46:03 INFO  No project associated with Uri(file:/C:/Users/jivan/OneDrive/Documents/Learning/TP/LearnScala/rockth... (full report at: "C:\Users\jivan\OneDrive\Documents\Learning\TP\LearnScala\rockthejvm\.metals\.reports\bloop\2026-08-03\r_No project associate..._00-33-45-019.md")
2026.08.03 00:46:03 INFO  No project associated with Uri(file:/C:/Users/jivan/OneDrive/Documents/Learning/TP/LearnScala/rockth... (full report at: "C:\Users\jivan\OneDrive\Documents\Learning\TP\LearnScala\rockthejvm\.metals\.reports\bloop\2026-08-03\r_No project associate..._00-33-45-019.md")
Aug 03, 2026 12:49:34 AM org.eclipse.lsp4j.jsonrpc.RemoteEndpoint handleCancellation
WARNING: Unmatched cancel notification for request id 1593
2026.08.03 00:49:35 INFO  No project associated with Uri(file:/C:/Users/jivan/OneDrive/Documents/Learning/TP/LearnScala/rockth... (full report at: "C:\Users\jivan\OneDrive\Documents\Learning\TP\LearnScala\rockthejvm\.metals\.reports\bloop\2026-08-03\r_No project associate..._00-33-45-019.md")
2026.08.03 00:49:35 INFO  No project associated with Uri(file:/C:/Users/jivan/OneDrive/Documents/Learning/TP/LearnScala/rockth... (full report at: "C:\Users\jivan\OneDrive\Documents\Learning\TP\LearnScala\rockthejvm\.metals\.reports\bloop\2026-08-03\r_No project associate..._00-33-45-019.md")
2026.08.03 00:49:35 INFO  No project associated with Uri(file:/C:/Users/jivan/OneDrive/Documents/Learning/TP/LearnScala/rockth... (full report at: "C:\Users\jivan\OneDrive\Documents\Learning\TP\LearnScala\rockthejvm\.metals\.reports\bloop\2026-08-03\r_No project associate..._00-33-45-019.md")
2026.08.03 00:49:38 INFO  No project associated with Uri(file:/C:/Users/jivan/OneDrive/Documents/Learning/TP/LearnScala/rockth... (full report at: "C:\Users\jivan\OneDrive\Documents\Learning\TP\LearnScala\rockthejvm\.metals\.reports\bloop\2026-08-03\r_No project associate..._00-33-45-019.md")
2026.08.03 00:49:38 INFO  No project associated with Uri(file:/C:/Users/jivan/OneDrive/Documents/Learning/TP/LearnScala/rockth... (full report at: "C:\Users\jivan\OneDrive\Documents\Learning\TP\LearnScala\rockthejvm\.metals\.reports\bloop\2026-08-03\r_No project associate..._00-33-45-019.md")
2026.08.03 00:49:38 INFO  No project associated with Uri(file:/C:/Users/jivan/OneDrive/Documents/Learning/TP/LearnScala/rockth... (full report at: "C:\Users\jivan\OneDrive\Documents\Learning\TP\LearnScala\rockthejvm\.metals\.reports\bloop\2026-08-03\r_No project associate..._00-33-45-019.md")
2026.08.03 00:52:49 INFO  No project associated with Uri(file:/C:/Users/jivan/OneDrive/Documents/Learning/TP/LearnScala/rockth... (full report at: "C:\Users\jivan\OneDrive\Documents\Learning\TP\LearnScala\rockthejvm\.metals\.reports\bloop\2026-08-03\r_No project associate..._00-33-45-019.md")
2026.08.03 00:52:49 INFO  No project associated with Uri(file:/C:/Users/jivan/OneDrive/Documents/Learning/TP/LearnScala/rockth... (full report at: "C:\Users\jivan\OneDrive\Documents\Learning\TP\LearnScala\rockthejvm\.metals\.reports\bloop\2026-08-03\r_No project associate..._00-33-45-019.md")
2026.08.03 00:52:49 INFO  No project associated with Uri(file:/C:/Users/jivan/OneDrive/Documents/Learning/TP/LearnScala/rockth... (full report at: "C:\Users\jivan\OneDrive\Documents\Learning\TP\LearnScala\rockthejvm\.metals\.reports\bloop\2026-08-03\r_No project associate..._00-33-45-019.md")
2026.08.03 00:52:50 INFO  No project associated with Uri(file:/C:/Users/jivan/OneDrive/Documents/Learning/TP/LearnScala/rockth... (full report at: "C:\Users\jivan\OneDrive\Documents\Learning\TP\LearnScala\rockthejvm\.metals\.reports\bloop\2026-08-03\r_No project associate..._00-33-45-019.md")
2026.08.03 00:52:50 INFO  No project associated with Uri(file:/C:/Users/jivan/OneDrive/Documents/Learning/TP/LearnScala/rockth... (full report at: "C:\Users\jivan\OneDrive\Documents\Learning\TP\LearnScala\rockthejvm\.metals\.reports\bloop\2026-08-03\r_No project associate..._00-33-45-019.md")
2026.08.03 00:52:50 INFO  No project associated with Uri(file:/C:/Users/jivan/OneDrive/Documents/Learning/TP/LearnScala/rockth... (full report at: "C:\Users\jivan\OneDrive\Documents\Learning\TP\LearnScala\rockthejvm\.metals\.reports\bloop\2026-08-03\r_No project associate..._00-33-45-019.md")
2026.08.03 00:52:53 INFO  No project associated with Uri(file:/C:/Users/jivan/OneDrive/Documents/Learning/TP/LearnScala/rockth... (full report at: "C:\Users\jivan\OneDrive\Documents\Learning\TP\LearnScala\rockthejvm\.metals\.reports\bloop\2026-08-03\r_No project associate..._00-33-45-019.md")
2026.08.03 00:52:53 INFO  No project associated with Uri(file:/C:/Users/jivan/OneDrive/Documents/Learning/TP/LearnScala/rockth... (full report at: "C:\Users\jivan\OneDrive\Documents\Learning\TP\LearnScala\rockthejvm\.metals\.reports\bloop\2026-08-03\r_No project associate..._00-33-45-019.md")
2026.08.03 00:52:53 INFO  No project associated with Uri(file:/C:/Users/jivan/OneDrive/Documents/Learning/TP/LearnScala/rockth... (full report at: "C:\Users\jivan\OneDrive\Documents\Learning\TP\LearnScala\rockthejvm\.metals\.reports\bloop\2026-08-03\r_No project associate..._00-33-45-019.md")
2026.08.03 00:52:56 INFO  No project associated with Uri(file:/C:/Users/jivan/OneDrive/Documents/Learning/TP/LearnScala/rockth... (full report at: "C:\Users\jivan\OneDrive\Documents\Learning\TP\LearnScala\rockthejvm\.metals\.reports\bloop\2026-08-03\r_No project associate..._00-33-45-019.md")
2026.08.03 00:52:56 INFO  No project associated with Uri(file:/C:/Users/jivan/OneDrive/Documents/Learning/TP/LearnScala/rockth... (full report at: "C:\Users\jivan\OneDrive\Documents\Learning\TP\LearnScala\rockthejvm\.metals\.reports\bloop\2026-08-03\r_No project associate..._00-33-45-019.md")
2026.08.03 00:52:56 INFO  No project associated with Uri(file:/C:/Users/jivan/OneDrive/Documents/Learning/TP/LearnScala/rockth... (full report at: "C:\Users\jivan\OneDrive\Documents\Learning\TP\LearnScala\rockthejvm\.metals\.reports\bloop\2026-08-03\r_No project associate..._00-33-45-019.md")
2026.08.03 00:53:00 INFO  No project associated with Uri(file:/C:/Users/jivan/OneDrive/Documents/Learning/TP/LearnScala/rockth... (full report at: "C:\Users\jivan\OneDrive\Documents\Learning\TP\LearnScala\rockthejvm\.metals\.reports\bloop\2026-08-03\r_No project associate..._00-33-45-019.md")
2026.08.03 00:53:00 INFO  No project associated with Uri(file:/C:/Users/jivan/OneDrive/Documents/Learning/TP/LearnScala/rockth... (full report at: "C:\Users\jivan\OneDrive\Documents\Learning\TP\LearnScala\rockthejvm\.metals\.reports\bloop\2026-08-03\r_No project associate..._00-33-45-019.md")
2026.08.03 00:53:00 INFO  No project associated with Uri(file:/C:/Users/jivan/OneDrive/Documents/Learning/TP/LearnScala/rockth... (full report at: "C:\Users\jivan\OneDrive\Documents\Learning\TP\LearnScala\rockthejvm\.metals\.reports\bloop\2026-08-03\r_No project associate..._00-33-45-019.md")
2026.08.03 00:53:04 INFO  No project associated with Uri(file:/C:/Users/jivan/OneDrive/Documents/Learning/TP/LearnScala/rockth... (full report at: "C:\Users\jivan\OneDrive\Documents\Learning\TP\LearnScala\rockthejvm\.metals\.reports\bloop\2026-08-03\r_No project associate..._00-33-45-019.md")
2026.08.03 00:53:04 INFO  No project associated with Uri(file:/C:/Users/jivan/OneDrive/Documents/Learning/TP/LearnScala/rockth... (full report at: "C:\Users\jivan\OneDrive\Documents\Learning\TP\LearnScala\rockthejvm\.metals\.reports\bloop\2026-08-03\r_No project associate..._00-33-45-019.md")
2026.08.03 00:53:04 INFO  No project associated with Uri(file:/C:/Users/jivan/OneDrive/Documents/Learning/TP/LearnScala/rockth... (full report at: "C:\Users\jivan\OneDrive\Documents\Learning\TP\LearnScala\rockthejvm\.metals\.reports\bloop\2026-08-03\r_No project associate..._00-33-45-019.md")
2026.08.03 00:53:05 INFO  No project associated with Uri(file:/C:/Users/jivan/OneDrive/Documents/Learning/TP/LearnScala/rockth... (full report at: "C:\Users\jivan\OneDrive\Documents\Learning\TP\LearnScala\rockthejvm\.metals\.reports\bloop\2026-08-03\r_No project associate..._00-33-45-019.md")
2026.08.03 00:53:05 INFO  No project associated with Uri(file:/C:/Users/jivan/OneDrive/Documents/Learning/TP/LearnScala/rockth... (full report at: "C:\Users\jivan\OneDrive\Documents\Learning\TP\LearnScala\rockthejvm\.metals\.reports\bloop\2026-08-03\r_No project associate..._00-33-45-019.md")
2026.08.03 00:53:05 INFO  No project associated with Uri(file:/C:/Users/jivan/OneDrive/Documents/Learning/TP/LearnScala/rockth... (full report at: "C:\Users\jivan\OneDrive\Documents\Learning\TP\LearnScala\rockthejvm\.metals\.reports\bloop\2026-08-03\r_No project associate..._00-33-45-019.md")
2026.08.03 00:53:27 INFO  No project associated with Uri(file:/C:/Users/jivan/OneDrive/Documents/Learning/TP/LearnScala/rockth... (full report at: "C:\Users\jivan\OneDrive\Documents\Learning\TP\LearnScala\rockthejvm\.metals\.reports\bloop\2026-08-03\r_No project associate..._00-33-45-019.md")
2026.08.03 00:53:27 INFO  No project associated with Uri(file:/C:/Users/jivan/OneDrive/Documents/Learning/TP/LearnScala/rockth... (full report at: "C:\Users\jivan\OneDrive\Documents\Learning\TP\LearnScala\rockthejvm\.metals\.reports\bloop\2026-08-03\r_No project associate..._00-33-45-019.md")
2026.08.03 00:53:27 INFO  No project associated with Uri(file:/C:/Users/jivan/OneDrive/Documents/Learning/TP/LearnScala/rockth... (full report at: "C:\Users\jivan\OneDrive\Documents\Learning\TP\LearnScala\rockthejvm\.metals\.reports\bloop\2026-08-03\r_No project associate..._00-33-45-019.md")
2026.08.03 00:53:29 INFO  No project associated with Uri(file:/C:/Users/jivan/OneDrive/Documents/Learning/TP/LearnScala/rockth... (full report at: "C:\Users\jivan\OneDrive\Documents\Learning\TP\LearnScala\rockthejvm\.metals\.reports\bloop\2026-08-03\r_No project associate..._00-33-45-019.md")
2026.08.03 00:53:29 INFO  No project associated with Uri(file:/C:/Users/jivan/OneDrive/Documents/Learning/TP/LearnScala/rockth... (full report at: "C:\Users\jivan\OneDrive\Documents\Learning\TP\LearnScala\rockthejvm\.metals\.reports\bloop\2026-08-03\r_No project associate..._00-33-45-019.md")
2026.08.03 00:53:29 INFO  No project associated with Uri(file:/C:/Users/jivan/OneDrive/Documents/Learning/TP/LearnScala/rockth... (full report at: "C:\Users\jivan\OneDrive\Documents\Learning\TP\LearnScala\rockthejvm\.metals\.reports\bloop\2026-08-03\r_No project associate..._00-33-45-019.md")
2026.08.03 00:53:34 INFO  No project associated with Uri(file:/C:/Users/jivan/OneDrive/Documents/Learning/TP/LearnScala/rockth... (full report at: "C:\Users\jivan\OneDrive\Documents\Learning\TP\LearnScala\rockthejvm\.metals\.reports\bloop\2026-08-03\r_No project associate..._00-33-45-019.md")
2026.08.03 00:53:34 INFO  No project associated with Uri(file:/C:/Users/jivan/OneDrive/Documents/Learning/TP/LearnScala/rockth... (full report at: "C:\Users\jivan\OneDrive\Documents\Learning\TP\LearnScala\rockthejvm\.metals\.reports\bloop\2026-08-03\r_No project associate..._00-33-45-019.md")
2026.08.03 00:53:34 INFO  No project associated with Uri(file:/C:/Users/jivan/OneDrive/Documents/Learning/TP/LearnScala/rockth... (full report at: "C:\Users\jivan\OneDrive\Documents\Learning\TP\LearnScala\rockthejvm\.metals\.reports\bloop\2026-08-03\r_No project associate..._00-33-45-019.md")
Aug 03, 2026 1:12:17 AM org.eclipse.lsp4j.jsonrpc.RemoteEndpoint handleCancellation
WARNING: Unmatched cancel notification for request id 2143
2026.08.03 01:12:37 INFO  No project associated with Uri(file:/C:/Users/jivan/OneDrive/Documents/Learning/TP/LearnScala/rockth... (full report at: "C:\Users\jivan\OneDrive\Documents\Learning\TP\LearnScala\rockthejvm\.metals\.reports\bloop\2026-08-03\r_No project associate..._00-33-45-019.md")
2026.08.03 01:12:37 INFO  No project associated with Uri(file:/C:/Users/jivan/OneDrive/Documents/Learning/TP/LearnScala/rockth... (full report at: "C:\Users\jivan\OneDrive\Documents\Learning\TP\LearnScala\rockthejvm\.metals\.reports\bloop\2026-08-03\r_No project associate..._00-33-45-019.md")
2026.08.03 01:12:37 INFO  No project associated with Uri(file:/C:/Users/jivan/OneDrive/Documents/Learning/TP/LearnScala/rockth... (full report at: "C:\Users\jivan\OneDrive\Documents\Learning\TP\LearnScala\rockthejvm\.metals\.reports\bloop\2026-08-03\r_No project associate..._00-33-45-019.md")
2026.08.03 01:12:41 INFO  No project associated with Uri(file:/C:/Users/jivan/OneDrive/Documents/Learning/TP/LearnScala/rockth... (full report at: "C:\Users\jivan\OneDrive\Documents\Learning\TP\LearnScala\rockthejvm\.metals\.reports\bloop\2026-08-03\r_No project associate..._00-33-45-019.md")
2026.08.03 01:12:41 INFO  No project associated with Uri(file:/C:/Users/jivan/OneDrive/Documents/Learning/TP/LearnScala/rockth... (full report at: "C:\Users\jivan\OneDrive\Documents\Learning\TP\LearnScala\rockthejvm\.metals\.reports\bloop\2026-08-03\r_No project associate..._00-33-45-019.md")
2026.08.03 01:12:41 INFO  No project associated with Uri(file:/C:/Users/jivan/OneDrive/Documents/Learning/TP/LearnScala/rockth... (full report at: "C:\Users\jivan\OneDrive\Documents\Learning\TP\LearnScala\rockthejvm\.metals\.reports\bloop\2026-08-03\r_No project associate..._00-33-45-019.md")
2026.08.03 01:12:44 INFO  No project associated with Uri(file:/C:/Users/jivan/OneDrive/Documents/Learning/TP/LearnScala/rockth... (full report at: "C:\Users\jivan\OneDrive\Documents\Learning\TP\LearnScala\rockthejvm\.metals\.reports\bloop\2026-08-03\r_No project associate..._00-33-45-019.md")
2026.08.03 01:12:44 INFO  No project associated with Uri(file:/C:/Users/jivan/OneDrive/Documents/Learning/TP/LearnScala/rockth... (full report at: "C:\Users\jivan\OneDrive\Documents\Learning\TP\LearnScala\rockthejvm\.metals\.reports\bloop\2026-08-03\r_No project associate..._00-33-45-019.md")
2026.08.03 01:12:44 INFO  No project associated with Uri(file:/C:/Users/jivan/OneDrive/Documents/Learning/TP/LearnScala/rockth... (full report at: "C:\Users\jivan\OneDrive\Documents\Learning\TP\LearnScala\rockthejvm\.metals\.reports\bloop\2026-08-03\r_No project associate..._00-33-45-019.md")
2026.08.03 01:12:45 INFO  No project associated with Uri(file:/C:/Users/jivan/OneDrive/Documents/Learning/TP/LearnScala/rockth... (full report at: "C:\Users\jivan\OneDrive\Documents\Learning\TP\LearnScala\rockthejvm\.metals\.reports\bloop\2026-08-03\r_No project associate..._00-33-45-019.md")
2026.08.03 01:12:45 INFO  No project associated with Uri(file:/C:/Users/jivan/OneDrive/Documents/Learning/TP/LearnScala/rockth... (full report at: "C:\Users\jivan\OneDrive\Documents\Learning\TP\LearnScala\rockthejvm\.metals\.reports\bloop\2026-08-03\r_No project associate..._00-33-45-019.md")
2026.08.03 01:12:45 INFO  No project associated with Uri(file:/C:/Users/jivan/OneDrive/Documents/Learning/TP/LearnScala/rockth... (full report at: "C:\Users\jivan\OneDrive\Documents\Learning\TP\LearnScala\rockthejvm\.metals\.reports\bloop\2026-08-03\r_No project associate..._00-33-45-019.md")
2026.08.03 01:12:49 INFO  No project associated with Uri(file:/C:/Users/jivan/OneDrive/Documents/Learning/TP/LearnScala/rockth... (full report at: "C:\Users\jivan\OneDrive\Documents\Learning\TP\LearnScala\rockthejvm\.metals\.reports\bloop\2026-08-03\r_No project associate..._00-33-45-019.md")
2026.08.03 01:12:49 INFO  No project associated with Uri(file:/C:/Users/jivan/OneDrive/Documents/Learning/TP/LearnScala/rockth... (full report at: "C:\Users\jivan\OneDrive\Documents\Learning\TP\LearnScala\rockthejvm\.metals\.reports\bloop\2026-08-03\r_No project associate..._00-33-45-019.md")
2026.08.03 01:12:49 INFO  No project associated with Uri(file:/C:/Users/jivan/OneDrive/Documents/Learning/TP/LearnScala/rockth... (full report at: "C:\Users\jivan\OneDrive\Documents\Learning\TP\LearnScala\rockthejvm\.metals\.reports\bloop\2026-08-03\r_No project associate..._00-33-45-019.md")
2026.08.03 01:12:51 INFO  No project associated with Uri(file:/C:/Users/jivan/OneDrive/Documents/Learning/TP/LearnScala/rockth... (full report at: "C:\Users\jivan\OneDrive\Documents\Learning\TP\LearnScala\rockthejvm\.metals\.reports\bloop\2026-08-03\r_No project associate..._00-33-45-019.md")
2026.08.03 01:12:51 INFO  No project associated with Uri(file:/C:/Users/jivan/OneDrive/Documents/Learning/TP/LearnScala/rockth... (full report at: "C:\Users\jivan\OneDrive\Documents\Learning\TP\LearnScala\rockthejvm\.metals\.reports\bloop\2026-08-03\r_No project associate..._00-33-45-019.md")
2026.08.03 01:12:51 INFO  No project associated with Uri(file:/C:/Users/jivan/OneDrive/Documents/Learning/TP/LearnScala/rockth... (full report at: "C:\Users\jivan\OneDrive\Documents\Learning\TP\LearnScala\rockthejvm\.metals\.reports\bloop\2026-08-03\r_No project associate..._00-33-45-019.md")
Aug 05, 2026 11:42:20 PM org.eclipse.lsp4j.jsonrpc.services.GenericEndpoint notify
INFO: Unsupported notification method: $/setTrace
Aug 10, 2026 11:46:58 PM org.eclipse.lsp4j.jsonrpc.RemoteEndpoint handleCancellation
WARNING: Unmatched cancel notification for request id 2372
2026.08.10 23:47:00 INFO  No project associated with Uri(file:/C:/Users/jivan/OneDrive/Documents/Learning/TP/LearnScala/rockth... (full report at: "C:\Users\jivan\OneDrive\Documents\Learning\TP\LearnScala\rockthejvm\.metals\.reports\bloop\2026-08-03\r_No project associate..._00-33-45-019.md")
2026.08.10 23:47:00 INFO  No project associated with Uri(file:/C:/Users/jivan/OneDrive/Documents/Learning/TP/LearnScala/rockth... (full report at: "C:\Users\jivan\OneDrive\Documents\Learning\TP\LearnScala\rockthejvm\.metals\.reports\bloop\2026-08-03\r_No project associate..._00-33-45-019.md")
2026.08.10 23:47:00 INFO  No project associated with Uri(file:/C:/Users/jivan/OneDrive/Documents/Learning/TP/LearnScala/rockth... (full report at: "C:\Users\jivan\OneDrive\Documents\Learning\TP\LearnScala\rockthejvm\.metals\.reports\bloop\2026-08-03\r_No project associate..._00-33-45-019.md")
Aug 10, 2026 11:47:19 PM org.eclipse.lsp4j.jsonrpc.RemoteEndpoint handleCancellation
WARNING: Unmatched cancel notification for request id 2390
2026.08.10 23:49:41 INFO  No project associated with Uri(file:/C:/Users/jivan/OneDrive/Documents/Learning/TP/LearnScala/rockth... (full report at: "C:\Users\jivan\OneDrive\Documents\Learning\TP\LearnScala\rockthejvm\.metals\.reports\bloop\2026-08-03\r_No project associate..._00-33-45-019.md")
2026.08.10 23:49:41 INFO  No project associated with Uri(file:/C:/Users/jivan/OneDrive/Documents/Learning/TP/LearnScala/rockth... (full report at: "C:\Users\jivan\OneDrive\Documents\Learning\TP\LearnScala\rockthejvm\.metals\.reports\bloop\2026-08-03\r_No project associate..._00-33-45-019.md")
2026.08.10 23:49:41 INFO  No project associated with Uri(file:/C:/Users/jivan/OneDrive/Documents/Learning/TP/LearnScala/rockth... (full report at: "C:\Users\jivan\OneDrive\Documents\Learning\TP\LearnScala\rockthejvm\.metals\.reports\bloop\2026-08-03\r_No project associate..._00-33-45-019.md")
2026.08.11 23:24:59 INFO  No project associated with Uri(file:/C:/Users/jivan/OneDrive/Documents/Learning/TP/LearnScala/rockth... (full report at: "C:\Users\jivan\OneDrive\Documents\Learning\TP\LearnScala\rockthejvm\.metals\.reports\bloop\2026-08-03\r_No project associate..._00-33-45-019.md")
2026.08.11 23:24:59 INFO  No project associated with Uri(file:/C:/Users/jivan/OneDrive/Documents/Learning/TP/LearnScala/rockth... (full report at: "C:\Users\jivan\OneDrive\Documents\Learning\TP\LearnScala\rockthejvm\.metals\.reports\bloop\2026-08-03\r_No project associate..._00-33-45-019.md")
2026.08.11 23:24:59 INFO  No project associated with Uri(file:/C:/Users/jivan/OneDrive/Documents/Learning/TP/LearnScala/rockth... (full report at: "C:\Users\jivan\OneDrive\Documents\Learning\TP\LearnScala\rockthejvm\.metals\.reports\bloop\2026-08-03\r_No project associate..._00-33-45-019.md")
2026.08.11 23:24:59 INFO  No project associated with Uri(file:/C:/Users/jivan/OneDrive/Documents/Learning/TP/LearnScala/rockth... (full report at: "C:\Users\jivan\OneDrive\Documents\Learning\TP\LearnScala\rockthejvm\.metals\.reports\bloop\2026-08-03\r_No project associate..._00-33-45-019.md")
2026.08.11 23:24:59 INFO  No project associated with Uri(file:/C:/Users/jivan/OneDrive/Documents/Learning/TP/LearnScala/rockth... (full report at: "C:\Users\jivan\OneDrive\Documents\Learning\TP\LearnScala\rockthejvm\.metals\.reports\bloop\2026-08-03\r_No project associate..._00-33-45-019.md")
2026.08.11 23:24:59 INFO  No project associated with Uri(file:/C:/Users/jivan/OneDrive/Documents/Learning/TP/LearnScala/rockth... (full report at: "C:\Users\jivan\OneDrive\Documents\Learning\TP\LearnScala\rockthejvm\.metals\.reports\bloop\2026-08-03\r_No project associate..._00-33-45-019.md")
2026.08.11 23:25:14 INFO  No project associated with Uri(file:/C:/Users/jivan/OneDrive/Documents/Learning/TP/LearnScala/rockth... (full report at: "C:\Users\jivan\OneDrive\Documents\Learning\TP\LearnScala\rockthejvm\.metals\.reports\bloop\2026-08-03\r_No project associate..._00-33-45-019.md")
2026.08.11 23:25:14 INFO  No project associated with Uri(file:/C:/Users/jivan/OneDrive/Documents/Learning/TP/LearnScala/rockth... (full report at: "C:\Users\jivan\OneDrive\Documents\Learning\TP\LearnScala\rockthejvm\.metals\.reports\bloop\2026-08-03\r_No project associate..._00-33-45-019.md")
2026.08.11 23:25:14 INFO  No project associated with Uri(file:/C:/Users/jivan/OneDrive/Documents/Learning/TP/LearnScala/rockth... (full report at: "C:\Users\jivan\OneDrive\Documents\Learning\TP\LearnScala\rockthejvm\.metals\.reports\bloop\2026-08-03\r_No project associate..._00-33-45-019.md")
2026.08.11 23:25:27 INFO  No project associated with Uri(file:/C:/Users/jivan/OneDrive/Documents/Learning/TP/LearnScala/rockth... (full report at: "C:\Users\jivan\OneDrive\Documents\Learning\TP\LearnScala\rockthejvm\.metals\.reports\bloop\2026-08-03\r_No project associate..._00-33-45-019.md")
2026.08.11 23:25:27 INFO  No project associated with Uri(file:/C:/Users/jivan/OneDrive/Documents/Learning/TP/LearnScala/rockth... (full report at: "C:\Users\jivan\OneDrive\Documents\Learning\TP\LearnScala\rockthejvm\.metals\.reports\bloop\2026-08-03\r_No project associate..._00-33-45-019.md")
2026.08.11 23:25:27 INFO  No project associated with Uri(file:/C:/Users/jivan/OneDrive/Documents/Learning/TP/LearnScala/rockth... (full report at: "C:\Users\jivan\OneDrive\Documents\Learning\TP\LearnScala\rockthejvm\.metals\.reports\bloop\2026-08-03\r_No project associate..._00-33-45-019.md")
2026.08.11 23:25:27 INFO  No project associated with Uri(file:/C:/Users/jivan/OneDrive/Documents/Learning/TP/LearnScala/rockth... (full report at: "C:\Users\jivan\OneDrive\Documents\Learning\TP\LearnScala\rockthejvm\.metals\.reports\bloop\2026-08-03\r_No project associate..._00-33-45-019.md")
2026.08.11 23:25:27 INFO  No project associated with Uri(file:/C:/Users/jivan/OneDrive/Documents/Learning/TP/LearnScala/rockth... (full report at: "C:\Users\jivan\OneDrive\Documents\Learning\TP\LearnScala\rockthejvm\.metals\.reports\bloop\2026-08-03\r_No project associate..._00-33-45-019.md")
2026.08.11 23:25:27 INFO  No project associated with Uri(file:/C:/Users/jivan/OneDrive/Documents/Learning/TP/LearnScala/rockth... (full report at: "C:\Users\jivan\OneDrive\Documents\Learning\TP\LearnScala\rockthejvm\.metals\.reports\bloop\2026-08-03\r_No project associate..._00-33-45-019.md")
2026.08.11 23:26:17 INFO  No project associated with Uri(file:/C:/Users/jivan/OneDrive/Documents/Learning/TP/LearnScala/rockth... (full report at: "C:\Users\jivan\OneDrive\Documents\Learning\TP\LearnScala\rockthejvm\.metals\.reports\bloop\2026-08-03\r_No project associate..._00-33-45-019.md")
2026.08.11 23:26:17 INFO  No project associated with Uri(file:/C:/Users/jivan/OneDrive/Documents/Learning/TP/LearnScala/rockth... (full report at: "C:\Users\jivan\OneDrive\Documents\Learning\TP\LearnScala\rockthejvm\.metals\.reports\bloop\2026-08-03\r_No project associate..._00-33-45-019.md")
2026.08.11 23:26:17 INFO  No project associated with Uri(file:/C:/Users/jivan/OneDrive/Documents/Learning/TP/LearnScala/rockth... (full report at: "C:\Users\jivan\OneDrive\Documents\Learning\TP\LearnScala\rockthejvm\.metals\.reports\bloop\2026-08-03\r_No project associate..._00-33-45-019.md")
2026.08.11 23:26:29 INFO  No project associated with Uri(file:/C:/Users/jivan/OneDrive/Documents/Learning/TP/LearnScala/rockth... (full report at: "C:\Users\jivan\OneDrive\Documents\Learning\TP\LearnScala\rockthejvm\.metals\.reports\bloop\2026-08-03\r_No project associate..._00-33-45-019.md")
2026.08.11 23:26:29 INFO  No project associated with Uri(file:/C:/Users/jivan/OneDrive/Documents/Learning/TP/LearnScala/rockth... (full report at: "C:\Users\jivan\OneDrive\Documents\Learning\TP\LearnScala\rockthejvm\.metals\.reports\bloop\2026-08-03\r_No project associate..._00-33-45-019.md")
2026.08.11 23:26:29 INFO  No project associated with Uri(file:/C:/Users/jivan/OneDrive/Documents/Learning/TP/LearnScala/rockth... (full report at: "C:\Users\jivan\OneDrive\Documents\Learning\TP\LearnScala\rockthejvm\.metals\.reports\bloop\2026-08-03\r_No project associate..._00-33-45-019.md")
2026.08.11 23:27:07 INFO  No project associated with Uri(file:/C:/Users/jivan/OneDrive/Documents/Learning/TP/LearnScala/rockth... (full report at: "C:\Users\jivan\OneDrive\Documents\Learning\TP\LearnScala\rockthejvm\.metals\.reports\bloop\2026-08-03\r_No project associate..._00-33-45-019.md")
2026.08.11 23:27:07 INFO  No project associated with Uri(file:/C:/Users/jivan/OneDrive/Documents/Learning/TP/LearnScala/rockth... (full report at: "C:\Users\jivan\OneDrive\Documents\Learning\TP\LearnScala\rockthejvm\.metals\.reports\bloop\2026-08-03\r_No project associate..._00-33-45-019.md")
2026.08.11 23:27:07 INFO  No project associated with Uri(file:/C:/Users/jivan/OneDrive/Documents/Learning/TP/LearnScala/rockth... (full report at: "C:\Users\jivan\OneDrive\Documents\Learning\TP\LearnScala\rockthejvm\.metals\.reports\bloop\2026-08-03\r_No project associate..._00-33-45-019.md")
2026.08.11 23:27:16 INFO  No project associated with Uri(file:/C:/Users/jivan/OneDrive/Documents/Learning/TP/LearnScala/rockth... (full report at: "C:\Users\jivan\OneDrive\Documents\Learning\TP\LearnScala\rockthejvm\.metals\.reports\bloop\2026-08-03\r_No project associate..._00-33-45-019.md")
2026.08.11 23:27:16 INFO  No project associated with Uri(file:/C:/Users/jivan/OneDrive/Documents/Learning/TP/LearnScala/rockth... (full report at: "C:\Users\jivan\OneDrive\Documents\Learning\TP\LearnScala\rockthejvm\.metals\.reports\bloop\2026-08-03\r_No project associate..._00-33-45-019.md")
2026.08.11 23:27:16 INFO  No project associated with Uri(file:/C:/Users/jivan/OneDrive/Documents/Learning/TP/LearnScala/rockth... (full report at: "C:\Users\jivan\OneDrive\Documents\Learning\TP\LearnScala\rockthejvm\.metals\.reports\bloop\2026-08-03\r_No project associate..._00-33-45-019.md")
2026.08.11 23:27:41 INFO  No project associated with Uri(file:/C:/Users/jivan/OneDrive/Documents/Learning/TP/LearnScala/rockth... (full report at: "C:\Users\jivan\OneDrive\Documents\Learning\TP\LearnScala\rockthejvm\.metals\.reports\bloop\2026-08-03\r_No project associate..._00-33-45-019.md")
2026.08.11 23:27:41 INFO  No project associated with Uri(file:/C:/Users/jivan/OneDrive/Documents/Learning/TP/LearnScala/rockth... (full report at: "C:\Users\jivan\OneDrive\Documents\Learning\TP\LearnScala\rockthejvm\.metals\.reports\bloop\2026-08-03\r_No project associate..._00-33-45-019.md")
2026.08.11 23:27:41 INFO  No project associated with Uri(file:/C:/Users/jivan/OneDrive/Documents/Learning/TP/LearnScala/rockth... (full report at: "C:\Users\jivan\OneDrive\Documents\Learning\TP\LearnScala\rockthejvm\.metals\.reports\bloop\2026-08-03\r_No project associate..._00-33-45-019.md")
2026.08.11 23:47:38 INFO  No project associated with Uri(file:/C:/Users/jivan/OneDrive/Documents/Learning/TP/LearnScala/rockth... (full report at: "C:\Users\jivan\OneDrive\Documents\Learning\TP\LearnScala\rockthejvm\.metals\.reports\bloop\2026-08-03\r_No project associate..._00-33-45-019.md")
2026.08.11 23:47:38 INFO  No project associated with Uri(file:/C:/Users/jivan/OneDrive/Documents/Learning/TP/LearnScala/rockth... (full report at: "C:\Users\jivan\OneDrive\Documents\Learning\TP\LearnScala\rockthejvm\.metals\.reports\bloop\2026-08-03\r_No project associate..._00-33-45-019.md")
2026.08.11 23:47:38 INFO  No project associated with Uri(file:/C:/Users/jivan/OneDrive/Documents/Learning/TP/LearnScala/rockth... (full report at: "C:\Users\jivan\OneDrive\Documents\Learning\TP\LearnScala\rockthejvm\.metals\.reports\bloop\2026-08-03\r_No project associate..._00-33-45-019.md")
2026.08.11 23:47:50 INFO  No project associated with Uri(file:/C:/Users/jivan/OneDrive/Documents/Learning/TP/LearnScala/rockth... (full report at: "C:\Users\jivan\OneDrive\Documents\Learning\TP\LearnScala\rockthejvm\.metals\.reports\bloop\2026-08-03\r_No project associate..._00-33-45-019.md")
2026.08.11 23:47:50 INFO  No project associated with Uri(file:/C:/Users/jivan/OneDrive/Documents/Learning/TP/LearnScala/rockth... (full report at: "C:\Users\jivan\OneDrive\Documents\Learning\TP\LearnScala\rockthejvm\.metals\.reports\bloop\2026-08-03\r_No project associate..._00-33-45-019.md")
2026.08.11 23:47:50 INFO  No project associated with Uri(file:/C:/Users/jivan/OneDrive/Documents/Learning/TP/LearnScala/rockth... (full report at: "C:\Users\jivan\OneDrive\Documents\Learning\TP\LearnScala\rockthejvm\.metals\.reports\bloop\2026-08-03\r_No project associate..._00-33-45-019.md")
2026.08.11 23:47:57 INFO  No project associated with Uri(file:/C:/Users/jivan/OneDrive/Documents/Learning/TP/LearnScala/rockth... (full report at: "C:\Users\jivan\OneDrive\Documents\Learning\TP\LearnScala\rockthejvm\.metals\.reports\bloop\2026-08-03\r_No project associate..._00-33-45-019.md")
2026.08.11 23:47:57 INFO  No project associated with Uri(file:/C:/Users/jivan/OneDrive/Documents/Learning/TP/LearnScala/rockth... (full report at: "C:\Users\jivan\OneDrive\Documents\Learning\TP\LearnScala\rockthejvm\.metals\.reports\bloop\2026-08-03\r_No project associate..._00-33-45-019.md")
2026.08.11 23:47:57 INFO  No project associated with Uri(file:/C:/Users/jivan/OneDrive/Documents/Learning/TP/LearnScala/rockth... (full report at: "C:\Users\jivan\OneDrive\Documents\Learning\TP\LearnScala\rockthejvm\.metals\.reports\bloop\2026-08-03\r_No project associate..._00-33-45-019.md")
2026.08.11 23:48:06 INFO  No project associated with Uri(file:/C:/Users/jivan/OneDrive/Documents/Learning/TP/LearnScala/rockth... (full report at: "C:\Users\jivan\OneDrive\Documents\Learning\TP\LearnScala\rockthejvm\.metals\.reports\bloop\2026-08-03\r_No project associate..._00-33-45-019.md")
2026.08.11 23:48:06 INFO  No project associated with Uri(file:/C:/Users/jivan/OneDrive/Documents/Learning/TP/LearnScala/rockth... (full report at: "C:\Users\jivan\OneDrive\Documents\Learning\TP\LearnScala\rockthejvm\.metals\.reports\bloop\2026-08-03\r_No project associate..._00-33-45-019.md")
2026.08.11 23:48:06 INFO  No project associated with Uri(file:/C:/Users/jivan/OneDrive/Documents/Learning/TP/LearnScala/rockth... (full report at: "C:\Users\jivan\OneDrive\Documents\Learning\TP\LearnScala\rockthejvm\.metals\.reports\bloop\2026-08-03\r_No project associate..._00-33-45-019.md")
2026.08.11 23:48:12 INFO  No project associated with Uri(file:/C:/Users/jivan/OneDrive/Documents/Learning/TP/LearnScala/rockth... (full report at: "C:\Users\jivan\OneDrive\Documents\Learning\TP\LearnScala\rockthejvm\.metals\.reports\bloop\2026-08-03\r_No project associate..._00-33-45-019.md")
2026.08.11 23:48:12 INFO  No project associated with Uri(file:/C:/Users/jivan/OneDrive/Documents/Learning/TP/LearnScala/rockth... (full report at: "C:\Users\jivan\OneDrive\Documents\Learning\TP\LearnScala\rockthejvm\.metals\.reports\bloop\2026-08-03\r_No project associate..._00-33-45-019.md")
2026.08.11 23:48:12 INFO  No project associated with Uri(file:/C:/Users/jivan/OneDrive/Documents/Learning/TP/LearnScala/rockth... (full report at: "C:\Users\jivan\OneDrive\Documents\Learning\TP\LearnScala\rockthejvm\.metals\.reports\bloop\2026-08-03\r_No project associate..._00-33-45-019.md")
2026.08.11 23:48:50 INFO  No project associated with Uri(file:/C:/Users/jivan/OneDrive/Documents/Learning/TP/LearnScala/rockth... (full report at: "C:\Users\jivan\OneDrive\Documents\Learning\TP\LearnScala\rockthejvm\.metals\.reports\bloop\2026-08-03\r_No project associate..._00-33-45-019.md")
2026.08.11 23:48:50 INFO  No project associated with Uri(file:/C:/Users/jivan/OneDrive/Documents/Learning/TP/LearnScala/rockth... (full report at: "C:\Users\jivan\OneDrive\Documents\Learning\TP\LearnScala\rockthejvm\.metals\.reports\bloop\2026-08-03\r_No project associate..._00-33-45-019.md")
2026.08.11 23:48:50 INFO  No project associated with Uri(file:/C:/Users/jivan/OneDrive/Documents/Learning/TP/LearnScala/rockth... (full report at: "C:\Users\jivan\OneDrive\Documents\Learning\TP\LearnScala\rockthejvm\.metals\.reports\bloop\2026-08-03\r_No project associate..._00-33-45-019.md")
2026.08.11 23:49:29 INFO  No project associated with Uri(file:/C:/Users/jivan/OneDrive/Documents/Learning/TP/LearnScala/rockth... (full report at: "C:\Users\jivan\OneDrive\Documents\Learning\TP\LearnScala\rockthejvm\.metals\.reports\bloop\2026-08-03\r_No project associate..._00-33-45-019.md")
2026.08.11 23:49:29 INFO  No project associated with Uri(file:/C:/Users/jivan/OneDrive/Documents/Learning/TP/LearnScala/rockth... (full report at: "C:\Users\jivan\OneDrive\Documents\Learning\TP\LearnScala\rockthejvm\.metals\.reports\bloop\2026-08-03\r_No project associate..._00-33-45-019.md")
2026.08.11 23:49:29 INFO  No project associated with Uri(file:/C:/Users/jivan/OneDrive/Documents/Learning/TP/LearnScala/rockth... (full report at: "C:\Users\jivan\OneDrive\Documents\Learning\TP\LearnScala\rockthejvm\.metals\.reports\bloop\2026-08-03\r_No project associate..._00-33-45-019.md")
Aug 22, 2026 12:04:59 PM org.eclipse.lsp4j.jsonrpc.services.GenericEndpoint notify
INFO: Unsupported notification method: $/setTrace
2026.08.28 22:15:10 INFO  No project associated with Uri(file:/C:/Users/jivan/OneDrive/Documents/Learning/TP/LearnScala/rockth... (full report at: "C:\Users\jivan\OneDrive\Documents\Learning\TP\LearnScala\rockthejvm\.metals\.reports\bloop\2026-08-03\r_No project associate..._00-33-45-019.md")
2026.08.28 22:15:10 INFO  No project associated with Uri(file:/C:/Users/jivan/OneDrive/Documents/Learning/TP/LearnScala/rockth... (full report at: "C:\Users\jivan\OneDrive\Documents\Learning\TP\LearnScala\rockthejvm\.metals\.reports\bloop\2026-08-03\r_No project associate..._00-33-45-019.md")
2026.08.28 22:15:10 INFO  No project associated with Uri(file:/C:/Users/jivan/OneDrive/Documents/Learning/TP/LearnScala/rockth... (full report at: "C:\Users\jivan\OneDrive\Documents\Learning\TP\LearnScala\rockthejvm\.metals\.reports\bloop\2026-08-03\r_No project associate..._00-33-45-019.md")
2026.08.28 22:27:39 INFO  No project associated with Uri(file:/C:/Users/jivan/OneDrive/Documents/Learning/TP/LearnScala/rockth... (full report at: "C:\Users\jivan\OneDrive\Documents\Learning\TP\LearnScala\rockthejvm\.metals\.reports\bloop\2026-08-03\r_No project associate..._00-33-45-019.md")
2026.08.28 22:27:39 INFO  No project associated with Uri(file:/C:/Users/jivan/OneDrive/Documents/Learning/TP/LearnScala/rockth... (full report at: "C:\Users\jivan\OneDrive\Documents\Learning\TP\LearnScala\rockthejvm\.metals\.reports\bloop\2026-08-03\r_No project associate..._00-33-45-019.md")
2026.08.28 22:27:39 INFO  No project associated with Uri(file:/C:/Users/jivan/OneDrive/Documents/Learning/TP/LearnScala/rockth... (full report at: "C:\Users\jivan\OneDrive\Documents\Learning\TP\LearnScala\rockthejvm\.metals\.reports\bloop\2026-08-03\r_No project associate..._00-33-45-019.md")
2026.08.28 22:27:39 INFO  No project associated with Uri(file:/C:/Users/jivan/OneDrive/Documents/Learning/TP/LearnScala/rockth... (full report at: "C:\Users\jivan\OneDrive\Documents\Learning\TP\LearnScala\rockthejvm\.metals\.reports\bloop\2026-08-03\r_No project associate..._00-33-45-019.md")
2026.08.28 22:27:39 INFO  No project associated with Uri(file:/C:/Users/jivan/OneDrive/Documents/Learning/TP/LearnScala/rockth... (full report at: "C:\Users\jivan\OneDrive\Documents\Learning\TP\LearnScala\rockthejvm\.metals\.reports\bloop\2026-08-03\r_No project associate..._00-33-45-019.md")
2026.08.28 22:27:39 INFO  No project associated with Uri(file:/C:/Users/jivan/OneDrive/Documents/Learning/TP/LearnScala/rockth... (full report at: "C:\Users\jivan\OneDrive\Documents\Learning\TP\LearnScala\rockthejvm\.metals\.reports\bloop\2026-08-03\r_No project associate..._00-33-45-019.md")
2026.08.28 22:28:04 INFO  No project associated with Uri(file:/C:/Users/jivan/OneDrive/Documents/Learning/TP/LearnScala/rockth... (full report at: "C:\Users\jivan\OneDrive\Documents\Learning\TP\LearnScala\rockthejvm\.metals\.reports\bloop\2026-08-03\r_No project associate..._00-33-45-019.md")
2026.08.28 22:28:04 INFO  No project associated with Uri(file:/C:/Users/jivan/OneDrive/Documents/Learning/TP/LearnScala/rockth... (full report at: "C:\Users\jivan\OneDrive\Documents\Learning\TP\LearnScala\rockthejvm\.metals\.reports\bloop\2026-08-03\r_No project associate..._00-33-45-019.md")
2026.08.28 22:28:04 INFO  No project associated with Uri(file:/C:/Users/jivan/OneDrive/Documents/Learning/TP/LearnScala/rockth... (full report at: "C:\Users\jivan\OneDrive\Documents\Learning\TP\LearnScala\rockthejvm\.metals\.reports\bloop\2026-08-03\r_No project associate..._00-33-45-019.md")
2026.08.28 22:30:59 INFO  No project associated with Uri(file:/C:/Users/jivan/OneDrive/Documents/Learning/TP/LearnScala/rockth... (full report at: "C:\Users\jivan\OneDrive\Documents\Learning\TP\LearnScala\rockthejvm\.metals\.reports\bloop\2026-08-03\r_No project associate..._00-33-45-019.md")
2026.08.28 22:30:59 INFO  No project associated with Uri(file:/C:/Users/jivan/OneDrive/Documents/Learning/TP/LearnScala/rockth... (full report at: "C:\Users\jivan\OneDrive\Documents\Learning\TP\LearnScala\rockthejvm\.metals\.reports\bloop\2026-08-03\r_No project associate..._00-33-45-019.md")
2026.08.28 22:30:59 INFO  No project associated with Uri(file:/C:/Users/jivan/OneDrive/Documents/Learning/TP/LearnScala/rockth... (full report at: "C:\Users\jivan\OneDrive\Documents\Learning\TP\LearnScala\rockthejvm\.metals\.reports\bloop\2026-08-03\r_No project associate..._00-33-45-019.md")
2026.08.28 22:32:14 INFO  No project associated with Uri(file:/C:/Users/jivan/OneDrive/Documents/Learning/TP/LearnScala/rockth... (full report at: "C:\Users\jivan\OneDrive\Documents\Learning\TP\LearnScala\rockthejvm\.metals\.reports\bloop\2026-08-03\r_No project associate..._00-33-45-019.md")
2026.08.28 22:32:14 INFO  No project associated with Uri(file:/C:/Users/jivan/OneDrive/Documents/Learning/TP/LearnScala/rockth... (full report at: "C:\Users\jivan\OneDrive\Documents\Learning\TP\LearnScala\rockthejvm\.metals\.reports\bloop\2026-08-03\r_No project associate..._00-33-45-019.md")
2026.08.28 22:32:14 INFO  No project associated with Uri(file:/C:/Users/jivan/OneDrive/Documents/Learning/TP/LearnScala/rockth... (full report at: "C:\Users\jivan\OneDrive\Documents\Learning\TP\LearnScala\rockthejvm\.metals\.reports\bloop\2026-08-03\r_No project associate..._00-33-45-019.md")
2026.08.28 22:32:30 INFO  No project associated with Uri(file:/C:/Users/jivan/OneDrive/Documents/Learning/TP/LearnScala/rockth... (full report at: "C:\Users\jivan\OneDrive\Documents\Learning\TP\LearnScala\rockthejvm\.metals\.reports\bloop\2026-08-03\r_No project associate..._00-33-45-019.md")
2026.08.28 22:32:30 INFO  No project associated with Uri(file:/C:/Users/jivan/OneDrive/Documents/Learning/TP/LearnScala/rockth... (full report at: "C:\Users\jivan\OneDrive\Documents\Learning\TP\LearnScala\rockthejvm\.metals\.reports\bloop\2026-08-03\r_No project associate..._00-33-45-019.md")
2026.08.28 22:32:30 INFO  No project associated with Uri(file:/C:/Users/jivan/OneDrive/Documents/Learning/TP/LearnScala/rockth... (full report at: "C:\Users\jivan\OneDrive\Documents\Learning\TP\LearnScala\rockthejvm\.metals\.reports\bloop\2026-08-03\r_No project associate..._00-33-45-019.md")
2026.08.28 22:32:58 INFO  No project associated with Uri(file:/C:/Users/jivan/OneDrive/Documents/Learning/TP/LearnScala/rockth... (full report at: "C:\Users\jivan\OneDrive\Documents\Learning\TP\LearnScala\rockthejvm\.metals\.reports\bloop\2026-08-03\r_No project associate..._00-33-45-019.md")
2026.08.28 22:32:58 INFO  No project associated with Uri(file:/C:/Users/jivan/OneDrive/Documents/Learning/TP/LearnScala/rockth... (full report at: "C:\Users\jivan\OneDrive\Documents\Learning\TP\LearnScala\rockthejvm\.metals\.reports\bloop\2026-08-03\r_No project associate..._00-33-45-019.md")
2026.08.28 22:32:58 INFO  No project associated with Uri(file:/C:/Users/jivan/OneDrive/Documents/Learning/TP/LearnScala/rockth... (full report at: "C:\Users\jivan\OneDrive\Documents\Learning\TP\LearnScala\rockthejvm\.metals\.reports\bloop\2026-08-03\r_No project associate..._00-33-45-019.md")
2026.08.28 22:48:59 INFO  No project associated with Uri(file:/C:/Users/jivan/OneDrive/Documents/Learning/TP/LearnScala/rockth... (full report at: "C:\Users\jivan\OneDrive\Documents\Learning\TP\LearnScala\rockthejvm\.metals\.reports\bloop\2026-08-03\r_No project associate..._00-33-45-019.md")
2026.08.28 22:48:59 INFO  No project associated with Uri(file:/C:/Users/jivan/OneDrive/Documents/Learning/TP/LearnScala/rockth... (full report at: "C:\Users\jivan\OneDrive\Documents\Learning\TP\LearnScala\rockthejvm\.metals\.reports\bloop\2026-08-03\r_No project associate..._00-33-45-019.md")
2026.08.28 22:48:59 INFO  No project associated with Uri(file:/C:/Users/jivan/OneDrive/Documents/Learning/TP/LearnScala/rockth... (full report at: "C:\Users\jivan\OneDrive\Documents\Learning\TP\LearnScala\rockthejvm\.metals\.reports\bloop\2026-08-03\r_No project associate..._00-33-45-019.md")
2026.08.28 22:49:23 INFO  No project associated with Uri(file:/C:/Users/jivan/OneDrive/Documents/Learning/TP/LearnScala/rockth... (full report at: "C:\Users\jivan\OneDrive\Documents\Learning\TP\LearnScala\rockthejvm\.metals\.reports\bloop\2026-08-03\r_No project associate..._00-33-45-019.md")
2026.08.28 22:49:23 INFO  No project associated with Uri(file:/C:/Users/jivan/OneDrive/Documents/Learning/TP/LearnScala/rockth... (full report at: "C:\Users\jivan\OneDrive\Documents\Learning\TP\LearnScala\rockthejvm\.metals\.reports\bloop\2026-08-03\r_No project associate..._00-33-45-019.md")
2026.08.28 22:49:23 INFO  No project associated with Uri(file:/C:/Users/jivan/OneDrive/Documents/Learning/TP/LearnScala/rockth... (full report at: "C:\Users\jivan\OneDrive\Documents\Learning\TP\LearnScala\rockthejvm\.metals\.reports\bloop\2026-08-03\r_No project associate..._00-33-45-019.md")
2026.08.28 22:49:39 INFO  No project associated with Uri(file:/C:/Users/jivan/OneDrive/Documents/Learning/TP/LearnScala/rockth... (full report at: "C:\Users\jivan\OneDrive\Documents\Learning\TP\LearnScala\rockthejvm\.metals\.reports\bloop\2026-08-03\r_No project associate..._00-33-45-019.md")
2026.08.28 22:49:39 INFO  No project associated with Uri(file:/C:/Users/jivan/OneDrive/Documents/Learning/TP/LearnScala/rockth... (full report at: "C:\Users\jivan\OneDrive\Documents\Learning\TP\LearnScala\rockthejvm\.metals\.reports\bloop\2026-08-03\r_No project associate..._00-33-45-019.md")
2026.08.28 22:49:39 INFO  No project associated with Uri(file:/C:/Users/jivan/OneDrive/Documents/Learning/TP/LearnScala/rockth... (full report at: "C:\Users\jivan\OneDrive\Documents\Learning\TP\LearnScala\rockthejvm\.metals\.reports\bloop\2026-08-03\r_No project associate..._00-33-45-019.md")
2026.08.28 22:51:51 INFO  No project associated with Uri(file:/C:/Users/jivan/OneDrive/Documents/Learning/TP/LearnScala/rockth... (full report at: "C:\Users\jivan\OneDrive\Documents\Learning\TP\LearnScala\rockthejvm\.metals\.reports\bloop\2026-08-03\r_No project associate..._00-33-45-019.md")
2026.08.28 22:51:51 INFO  No project associated with Uri(file:/C:/Users/jivan/OneDrive/Documents/Learning/TP/LearnScala/rockth... (full report at: "C:\Users\jivan\OneDrive\Documents\Learning\TP\LearnScala\rockthejvm\.metals\.reports\bloop\2026-08-03\r_No project associate..._00-33-45-019.md")
2026.08.28 22:51:51 INFO  No project associated with Uri(file:/C:/Users/jivan/OneDrive/Documents/Learning/TP/LearnScala/rockth... (full report at: "C:\Users\jivan\OneDrive\Documents\Learning\TP\LearnScala\rockthejvm\.metals\.reports\bloop\2026-08-03\r_No project associate..._00-33-45-019.md")
2026.08.28 22:52:55 INFO  No project associated with Uri(file:/C:/Users/jivan/OneDrive/Documents/Learning/TP/LearnScala/rockth... (full report at: "C:\Users\jivan\OneDrive\Documents\Learning\TP\LearnScala\rockthejvm\.metals\.reports\bloop\2026-08-03\r_No project associate..._00-33-45-019.md")
2026.08.28 22:52:55 INFO  No project associated with Uri(file:/C:/Users/jivan/OneDrive/Documents/Learning/TP/LearnScala/rockth... (full report at: "C:\Users\jivan\OneDrive\Documents\Learning\TP\LearnScala\rockthejvm\.metals\.reports\bloop\2026-08-03\r_No project associate..._00-33-45-019.md")
2026.08.28 22:52:55 INFO  No project associated with Uri(file:/C:/Users/jivan/OneDrive/Documents/Learning/TP/LearnScala/rockth... (full report at: "C:\Users\jivan\OneDrive\Documents\Learning\TP\LearnScala\rockthejvm\.metals\.reports\bloop\2026-08-03\r_No project associate..._00-33-45-019.md")
2026.08.28 23:44:52 INFO  No project associated with Uri(file:/C:/Users/jivan/OneDrive/Documents/Learning/TP/LearnScala/rockth... (full report at: "C:\Users\jivan\OneDrive\Documents\Learning\TP\LearnScala\rockthejvm\.metals\.reports\bloop\2026-08-03\r_No project associate..._00-33-45-019.md")
2026.08.28 23:44:52 INFO  No project associated with Uri(file:/C:/Users/jivan/OneDrive/Documents/Learning/TP/LearnScala/rockth... (full report at: "C:\Users\jivan\OneDrive\Documents\Learning\TP\LearnScala\rockthejvm\.metals\.reports\bloop\2026-08-03\r_No project associate..._00-33-45-019.md")
2026.08.28 23:44:52 INFO  No project associated with Uri(file:/C:/Users/jivan/OneDrive/Documents/Learning/TP/LearnScala/rockth... (full report at: "C:\Users\jivan\OneDrive\Documents\Learning\TP\LearnScala\rockthejvm\.metals\.reports\bloop\2026-08-03\r_No project associate..._00-33-45-019.md")
2026.08.28 23:45:11 INFO  No project associated with Uri(file:/C:/Users/jivan/OneDrive/Documents/Learning/TP/LearnScala/rockth... (full report at: "C:\Users\jivan\OneDrive\Documents\Learning\TP\LearnScala\rockthejvm\.metals\.reports\bloop\2026-08-03\r_No project associate..._00-33-45-019.md")
2026.08.28 23:45:11 INFO  No project associated with Uri(file:/C:/Users/jivan/OneDrive/Documents/Learning/TP/LearnScala/rockth... (full report at: "C:\Users\jivan\OneDrive\Documents\Learning\TP\LearnScala\rockthejvm\.metals\.reports\bloop\2026-08-03\r_No project associate..._00-33-45-019.md")
2026.08.28 23:45:11 INFO  No project associated with Uri(file:/C:/Users/jivan/OneDrive/Documents/Learning/TP/LearnScala/rockth... (full report at: "C:\Users\jivan\OneDrive\Documents\Learning\TP\LearnScala\rockthejvm\.metals\.reports\bloop\2026-08-03\r_No project associate..._00-33-45-019.md")
2026.08.28 23:45:31 INFO  No project associated with Uri(file:/C:/Users/jivan/OneDrive/Documents/Learning/TP/LearnScala/rockth... (full report at: "C:\Users\jivan\OneDrive\Documents\Learning\TP\LearnScala\rockthejvm\.metals\.reports\bloop\2026-08-03\r_No project associate..._00-33-45-019.md")
2026.08.28 23:45:31 INFO  No project associated with Uri(file:/C:/Users/jivan/OneDrive/Documents/Learning/TP/LearnScala/rockth... (full report at: "C:\Users\jivan\OneDrive\Documents\Learning\TP\LearnScala\rockthejvm\.metals\.reports\bloop\2026-08-03\r_No project associate..._00-33-45-019.md")
2026.08.28 23:45:31 INFO  No project associated with Uri(file:/C:/Users/jivan/OneDrive/Documents/Learning/TP/LearnScala/rockth... (full report at: "C:\Users\jivan\OneDrive\Documents\Learning\TP\LearnScala\rockthejvm\.metals\.reports\bloop\2026-08-03\r_No project associate..._00-33-45-019.md")
2026.08.28 23:46:14 INFO  No project associated with Uri(file:/C:/Users/jivan/OneDrive/Documents/Learning/TP/LearnScala/rockth... (full report at: "C:\Users\jivan\OneDrive\Documents\Learning\TP\LearnScala\rockthejvm\.metals\.reports\bloop\2026-08-03\r_No project associate..._00-33-45-019.md")
2026.08.28 23:46:14 INFO  No project associated with Uri(file:/C:/Users/jivan/OneDrive/Documents/Learning/TP/LearnScala/rockth... (full report at: "C:\Users\jivan\OneDrive\Documents\Learning\TP\LearnScala\rockthejvm\.metals\.reports\bloop\2026-08-03\r_No project associate..._00-33-45-019.md")
2026.08.28 23:46:14 INFO  No project associated with Uri(file:/C:/Users/jivan/OneDrive/Documents/Learning/TP/LearnScala/rockth... (full report at: "C:\Users\jivan\OneDrive\Documents\Learning\TP\LearnScala\rockthejvm\.metals\.reports\bloop\2026-08-03\r_No project associate..._00-33-45-019.md")
2026.08.29 11:17:27 INFO  No project associated with Uri(file:/C:/Users/jivan/OneDrive/Documents/Learning/TP/LearnScala/rockth... (full report at: "C:\Users\jivan\OneDrive\Documents\Learning\TP\LearnScala\rockthejvm\.metals\.reports\bloop\2026-08-03\r_No project associate..._00-33-45-019.md")
2026.08.29 11:17:27 INFO  No project associated with Uri(file:/C:/Users/jivan/OneDrive/Documents/Learning/TP/LearnScala/rockth... (full report at: "C:\Users\jivan\OneDrive\Documents\Learning\TP\LearnScala\rockthejvm\.metals\.reports\bloop\2026-08-03\r_No project associate..._00-33-45-019.md")
2026.08.29 11:17:27 INFO  No project associated with Uri(file:/C:/Users/jivan/OneDrive/Documents/Learning/TP/LearnScala/rockth... (full report at: "C:\Users\jivan\OneDrive\Documents\Learning\TP\LearnScala\rockthejvm\.metals\.reports\bloop\2026-08-03\r_No project associate..._00-33-45-019.md")
2026.08.29 11:19:01 INFO  No project associated with Uri(file:/C:/Users/jivan/OneDrive/Documents/Learning/TP/LearnScala/rockth... (full report at: "C:\Users\jivan\OneDrive\Documents\Learning\TP\LearnScala\rockthejvm\.metals\.reports\bloop\2026-08-03\r_No project associate..._00-33-45-019.md")
2026.08.29 11:19:01 INFO  No project associated with Uri(file:/C:/Users/jivan/OneDrive/Documents/Learning/TP/LearnScala/rockth... (full report at: "C:\Users\jivan\OneDrive\Documents\Learning\TP\LearnScala\rockthejvm\.metals\.reports\bloop\2026-08-03\r_No project associate..._00-33-45-019.md")
2026.08.29 11:19:01 INFO  No project associated with Uri(file:/C:/Users/jivan/OneDrive/Documents/Learning/TP/LearnScala/rockth... (full report at: "C:\Users\jivan\OneDrive\Documents\Learning\TP\LearnScala\rockthejvm\.metals\.reports\bloop\2026-08-03\r_No project associate..._00-33-45-019.md")
2026.08.29 11:19:24 INFO  No project associated with Uri(file:/C:/Users/jivan/OneDrive/Documents/Learning/TP/LearnScala/rockth... (full report at: "C:\Users\jivan\OneDrive\Documents\Learning\TP\LearnScala\rockthejvm\.metals\.reports\bloop\2026-08-03\r_No project associate..._00-33-45-019.md")
2026.08.29 11:19:24 INFO  No project associated with Uri(file:/C:/Users/jivan/OneDrive/Documents/Learning/TP/LearnScala/rockth... (full report at: "C:\Users\jivan\OneDrive\Documents\Learning\TP\LearnScala\rockthejvm\.metals\.reports\bloop\2026-08-03\r_No project associate..._00-33-45-019.md")
2026.08.29 11:19:24 INFO  No project associated with Uri(file:/C:/Users/jivan/OneDrive/Documents/Learning/TP/LearnScala/rockth... (full report at: "C:\Users\jivan\OneDrive\Documents\Learning\TP\LearnScala\rockthejvm\.metals\.reports\bloop\2026-08-03\r_No project associate..._00-33-45-019.md")
2026.08.29 11:21:34 INFO  No project associated with Uri(file:/C:/Users/jivan/OneDrive/Documents/Learning/TP/LearnScala/rockth... (full report at: "C:\Users\jivan\OneDrive\Documents\Learning\TP\LearnScala\rockthejvm\.metals\.reports\bloop\2026-08-03\r_No project associate..._00-33-45-019.md")
2026.08.29 11:21:34 INFO  No project associated with Uri(file:/C:/Users/jivan/OneDrive/Documents/Learning/TP/LearnScala/rockth... (full report at: "C:\Users\jivan\OneDrive\Documents\Learning\TP\LearnScala\rockthejvm\.metals\.reports\bloop\2026-08-03\r_No project associate..._00-33-45-019.md")
2026.08.29 11:21:34 INFO  No project associated with Uri(file:/C:/Users/jivan/OneDrive/Documents/Learning/TP/LearnScala/rockth... (full report at: "C:\Users\jivan\OneDrive\Documents\Learning\TP\LearnScala\rockthejvm\.metals\.reports\bloop\2026-08-03\r_No project associate..._00-33-45-019.md")
2026.08.29 11:31:16 INFO  No project associated with Uri(file:/C:/Users/jivan/OneDrive/Documents/Learning/TP/LearnScala/rockth... (full report at: "C:\Users\jivan\OneDrive\Documents\Learning\TP\LearnScala\rockthejvm\.metals\.reports\bloop\2026-08-03\r_No project associate..._00-33-45-019.md")
2026.08.29 11:31:16 INFO  No project associated with Uri(file:/C:/Users/jivan/OneDrive/Documents/Learning/TP/LearnScala/rockth... (full report at: "C:\Users\jivan\OneDrive\Documents\Learning\TP\LearnScala\rockthejvm\.metals\.reports\bloop\2026-08-03\r_No project associate..._00-33-45-019.md")
2026.08.29 11:31:16 INFO  No project associated with Uri(file:/C:/Users/jivan/OneDrive/Documents/Learning/TP/LearnScala/rockth... (full report at: "C:\Users\jivan\OneDrive\Documents\Learning\TP\LearnScala\rockthejvm\.metals\.reports\bloop\2026-08-03\r_No project associate..._00-33-45-019.md")
2026.08.29 11:34:51 INFO  No project associated with Uri(file:/C:/Users/jivan/OneDrive/Documents/Learning/TP/LearnScala/rockth... (full report at: "C:\Users\jivan\OneDrive\Documents\Learning\TP\LearnScala\rockthejvm\.metals\.reports\bloop\2026-08-03\r_No project associate..._00-33-45-019.md")
2026.08.29 11:34:51 INFO  No project associated with Uri(file:/C:/Users/jivan/OneDrive/Documents/Learning/TP/LearnScala/rockth... (full report at: "C:\Users\jivan\OneDrive\Documents\Learning\TP\LearnScala\rockthejvm\.metals\.reports\bloop\2026-08-03\r_No project associate..._00-33-45-019.md")
2026.08.29 11:34:51 INFO  No project associated with Uri(file:/C:/Users/jivan/OneDrive/Documents/Learning/TP/LearnScala/rockth... (full report at: "C:\Users\jivan\OneDrive\Documents\Learning\TP\LearnScala\rockthejvm\.metals\.reports\bloop\2026-08-03\r_No project associate..._00-33-45-019.md")
2026.08.29 11:35:12 INFO  No project associated with Uri(file:/C:/Users/jivan/OneDrive/Documents/Learning/TP/LearnScala/rockth... (full report at: "C:\Users\jivan\OneDrive\Documents\Learning\TP\LearnScala\rockthejvm\.metals\.reports\bloop\2026-08-03\r_No project associate..._00-33-45-019.md")
2026.08.29 11:35:12 INFO  No project associated with Uri(file:/C:/Users/jivan/OneDrive/Documents/Learning/TP/LearnScala/rockth... (full report at: "C:\Users\jivan\OneDrive\Documents\Learning\TP\LearnScala\rockthejvm\.metals\.reports\bloop\2026-08-03\r_No project associate..._00-33-45-019.md")
2026.08.29 11:35:12 INFO  No project associated with Uri(file:/C:/Users/jivan/OneDrive/Documents/Learning/TP/LearnScala/rockth... (full report at: "C:\Users\jivan\OneDrive\Documents\Learning\TP\LearnScala\rockthejvm\.metals\.reports\bloop\2026-08-03\r_No project associate..._00-33-45-019.md")
2026.08.29 11:37:42 INFO  No project associated with Uri(file:/C:/Users/jivan/OneDrive/Documents/Learning/TP/LearnScala/rockth... (full report at: "C:\Users\jivan\OneDrive\Documents\Learning\TP\LearnScala\rockthejvm\.metals\.reports\bloop\2026-08-03\r_No project associate..._00-33-45-019.md")
2026.08.29 11:37:42 INFO  No project associated with Uri(file:/C:/Users/jivan/OneDrive/Documents/Learning/TP/LearnScala/rockth... (full report at: "C:\Users\jivan\OneDrive\Documents\Learning\TP\LearnScala\rockthejvm\.metals\.reports\bloop\2026-08-03\r_No project associate..._00-33-45-019.md")
2026.08.29 11:37:42 INFO  No project associated with Uri(file:/C:/Users/jivan/OneDrive/Documents/Learning/TP/LearnScala/rockth... (full report at: "C:\Users\jivan\OneDrive\Documents\Learning\TP\LearnScala\rockthejvm\.metals\.reports\bloop\2026-08-03\r_No project associate..._00-33-45-019.md")
2026.08.29 11:37:55 INFO  No project associated with Uri(file:/C:/Users/jivan/OneDrive/Documents/Learning/TP/LearnScala/rockth... (full report at: "C:\Users\jivan\OneDrive\Documents\Learning\TP\LearnScala\rockthejvm\.metals\.reports\bloop\2026-08-03\r_No project associate..._00-33-45-019.md")
2026.08.29 11:37:55 INFO  No project associated with Uri(file:/C:/Users/jivan/OneDrive/Documents/Learning/TP/LearnScala/rockth... (full report at: "C:\Users\jivan\OneDrive\Documents\Learning\TP\LearnScala\rockthejvm\.metals\.reports\bloop\2026-08-03\r_No project associate..._00-33-45-019.md")
2026.08.29 11:37:55 INFO  No project associated with Uri(file:/C:/Users/jivan/OneDrive/Documents/Learning/TP/LearnScala/rockth... (full report at: "C:\Users\jivan\OneDrive\Documents\Learning\TP\LearnScala\rockthejvm\.metals\.reports\bloop\2026-08-03\r_No project associate..._00-33-45-019.md")
2026.08.29 11:39:20 INFO  No project associated with Uri(file:/C:/Users/jivan/OneDrive/Documents/Learning/TP/LearnScala/rockth... (full report at: "C:\Users\jivan\OneDrive\Documents\Learning\TP\LearnScala\rockthejvm\.metals\.reports\bloop\2026-08-03\r_No project associate..._00-33-45-019.md")
2026.08.29 11:39:20 INFO  No project associated with Uri(file:/C:/Users/jivan/OneDrive/Documents/Learning/TP/LearnScala/rockth... (full report at: "C:\Users\jivan\OneDrive\Documents\Learning\TP\LearnScala\rockthejvm\.metals\.reports\bloop\2026-08-03\r_No project associate..._00-33-45-019.md")
2026.08.29 11:39:20 INFO  No project associated with Uri(file:/C:/Users/jivan/OneDrive/Documents/Learning/TP/LearnScala/rockth... (full report at: "C:\Users\jivan\OneDrive\Documents\Learning\TP\LearnScala\rockthejvm\.metals\.reports\bloop\2026-08-03\r_No project associate..._00-33-45-019.md")
2026.08.29 11:57:51 INFO  No project associated with Uri(file:/C:/Users/jivan/OneDrive/Documents/Learning/TP/LearnScala/rockth... (full report at: "C:\Users\jivan\OneDrive\Documents\Learning\TP\LearnScala\rockthejvm\.metals\.reports\bloop\2026-08-03\r_No project associate..._00-33-45-019.md")
2026.08.29 11:57:51 INFO  No project associated with Uri(file:/C:/Users/jivan/OneDrive/Documents/Learning/TP/LearnScala/rockth... (full report at: "C:\Users\jivan\OneDrive\Documents\Learning\TP\LearnScala\rockthejvm\.metals\.reports\bloop\2026-08-03\r_No project associate..._00-33-45-019.md")
2026.08.29 11:57:51 INFO  No project associated with Uri(file:/C:/Users/jivan/OneDrive/Documents/Learning/TP/LearnScala/rockth... (full report at: "C:\Users\jivan\OneDrive\Documents\Learning\TP\LearnScala\rockthejvm\.metals\.reports\bloop\2026-08-03\r_No project associate..._00-33-45-019.md")
2026.08.29 11:58:08 INFO  No project associated with Uri(file:/C:/Users/jivan/OneDrive/Documents/Learning/TP/LearnScala/rockth... (full report at: "C:\Users\jivan\OneDrive\Documents\Learning\TP\LearnScala\rockthejvm\.metals\.reports\bloop\2026-08-03\r_No project associate..._00-33-45-019.md")
2026.08.29 11:58:08 INFO  No project associated with Uri(file:/C:/Users/jivan/OneDrive/Documents/Learning/TP/LearnScala/rockth... (full report at: "C:\Users\jivan\OneDrive\Documents\Learning\TP\LearnScala\rockthejvm\.metals\.reports\bloop\2026-08-03\r_No project associate..._00-33-45-019.md")
2026.08.29 11:58:08 INFO  No project associated with Uri(file:/C:/Users/jivan/OneDrive/Documents/Learning/TP/LearnScala/rockth... (full report at: "C:\Users\jivan\OneDrive\Documents\Learning\TP\LearnScala\rockthejvm\.metals\.reports\bloop\2026-08-03\r_No project associate..._00-33-45-019.md")
2026.08.29 12:24:23 INFO  No project associated with Uri(file:/C:/Users/jivan/OneDrive/Documents/Learning/TP/LearnScala/rockth... (full report at: "C:\Users\jivan\OneDrive\Documents\Learning\TP\LearnScala\rockthejvm\.metals\.reports\bloop\2026-08-03\r_No project associate..._00-33-45-019.md")
2026.08.29 12:24:23 INFO  No project associated with Uri(file:/C:/Users/jivan/OneDrive/Documents/Learning/TP/LearnScala/rockth... (full report at: "C:\Users\jivan\OneDrive\Documents\Learning\TP\LearnScala\rockthejvm\.metals\.reports\bloop\2026-08-03\r_No project associate..._00-33-45-019.md")
2026.08.29 12:24:23 INFO  No project associated with Uri(file:/C:/Users/jivan/OneDrive/Documents/Learning/TP/LearnScala/rockth... (full report at: "C:\Users\jivan\OneDrive\Documents\Learning\TP\LearnScala\rockthejvm\.metals\.reports\bloop\2026-08-03\r_No project associate..._00-33-45-019.md")
2026.08.29 12:24:34 INFO  No project associated with Uri(file:/C:/Users/jivan/OneDrive/Documents/Learning/TP/LearnScala/rockth... (full report at: "C:\Users\jivan\OneDrive\Documents\Learning\TP\LearnScala\rockthejvm\.metals\.reports\bloop\2026-08-03\r_No project associate..._00-33-45-019.md")
2026.08.29 12:24:34 INFO  No project associated with Uri(file:/C:/Users/jivan/OneDrive/Documents/Learning/TP/LearnScala/rockth... (full report at: "C:\Users\jivan\OneDrive\Documents\Learning\TP\LearnScala\rockthejvm\.metals\.reports\bloop\2026-08-03\r_No project associate..._00-33-45-019.md")
2026.08.29 12:24:34 INFO  No project associated with Uri(file:/C:/Users/jivan/OneDrive/Documents/Learning/TP/LearnScala/rockth... (full report at: "C:\Users\jivan\OneDrive\Documents\Learning\TP\LearnScala\rockthejvm\.metals\.reports\bloop\2026-08-03\r_No project associate..._00-33-45-019.md")
2026.08.29 12:24:39 INFO  No project associated with Uri(file:/C:/Users/jivan/OneDrive/Documents/Learning/TP/LearnScala/rockth... (full report at: "C:\Users\jivan\OneDrive\Documents\Learning\TP\LearnScala\rockthejvm\.metals\.reports\bloop\2026-08-03\r_No project associate..._00-33-45-019.md")
2026.08.29 12:24:39 INFO  No project associated with Uri(file:/C:/Users/jivan/OneDrive/Documents/Learning/TP/LearnScala/rockth... (full report at: "C:\Users\jivan\OneDrive\Documents\Learning\TP\LearnScala\rockthejvm\.metals\.reports\bloop\2026-08-03\r_No project associate..._00-33-45-019.md")
2026.08.29 12:24:39 INFO  No project associated with Uri(file:/C:/Users/jivan/OneDrive/Documents/Learning/TP/LearnScala/rockth... (full report at: "C:\Users\jivan\OneDrive\Documents\Learning\TP\LearnScala\rockthejvm\.metals\.reports\bloop\2026-08-03\r_No project associate..._00-33-45-019.md")
2026.08.29 12:25:50 INFO  No project associated with Uri(file:/C:/Users/jivan/OneDrive/Documents/Learning/TP/LearnScala/rockth... (full report at: "C:\Users\jivan\OneDrive\Documents\Learning\TP\LearnScala\rockthejvm\.metals\.reports\bloop\2026-08-03\r_No project associate..._00-33-45-019.md")
2026.08.29 12:25:50 INFO  No project associated with Uri(file:/C:/Users/jivan/OneDrive/Documents/Learning/TP/LearnScala/rockth... (full report at: "C:\Users\jivan\OneDrive\Documents\Learning\TP\LearnScala\rockthejvm\.metals\.reports\bloop\2026-08-03\r_No project associate..._00-33-45-019.md")
2026.08.29 12:25:50 INFO  No project associated with Uri(file:/C:/Users/jivan/OneDrive/Documents/Learning/TP/LearnScala/rockth... (full report at: "C:\Users\jivan\OneDrive\Documents\Learning\TP\LearnScala\rockthejvm\.metals\.reports\bloop\2026-08-03\r_No project associate..._00-33-45-019.md")
2026.08.29 12:26:12 INFO  No project associated with Uri(file:/C:/Users/jivan/OneDrive/Documents/Learning/TP/LearnScala/rockth... (full report at: "C:\Users\jivan\OneDrive\Documents\Learning\TP\LearnScala\rockthejvm\.metals\.reports\bloop\2026-08-03\r_No project associate..._00-33-45-019.md")
2026.08.29 12:26:12 INFO  No project associated with Uri(file:/C:/Users/jivan/OneDrive/Documents/Learning/TP/LearnScala/rockth... (full report at: "C:\Users\jivan\OneDrive\Documents\Learning\TP\LearnScala\rockthejvm\.metals\.reports\bloop\2026-08-03\r_No project associate..._00-33-45-019.md")
2026.08.29 12:26:12 INFO  No project associated with Uri(file:/C:/Users/jivan/OneDrive/Documents/Learning/TP/LearnScala/rockth... (full report at: "C:\Users\jivan\OneDrive\Documents\Learning\TP\LearnScala\rockthejvm\.metals\.reports\bloop\2026-08-03\r_No project associate..._00-33-45-019.md")
2026.08.29 12:26:29 INFO  No project associated with Uri(file:/C:/Users/jivan/OneDrive/Documents/Learning/TP/LearnScala/rockth... (full report at: "C:\Users\jivan\OneDrive\Documents\Learning\TP\LearnScala\rockthejvm\.metals\.reports\bloop\2026-08-03\r_No project associate..._00-33-45-019.md")
2026.08.29 12:26:29 INFO  No project associated with Uri(file:/C:/Users/jivan/OneDrive/Documents/Learning/TP/LearnScala/rockth... (full report at: "C:\Users\jivan\OneDrive\Documents\Learning\TP\LearnScala\rockthejvm\.metals\.reports\bloop\2026-08-03\r_No project associate..._00-33-45-019.md")
2026.08.29 12:26:29 INFO  No project associated with Uri(file:/C:/Users/jivan/OneDrive/Documents/Learning/TP/LearnScala/rockth... (full report at: "C:\Users\jivan\OneDrive\Documents\Learning\TP\LearnScala\rockthejvm\.metals\.reports\bloop\2026-08-03\r_No project associate..._00-33-45-019.md")
2026.08.29 12:49:26 INFO  No project associated with Uri(file:/C:/Users/jivan/OneDrive/Documents/Learning/TP/LearnScala/rockth... (full report at: "C:\Users\jivan\OneDrive\Documents\Learning\TP\LearnScala\rockthejvm\.metals\.reports\bloop\2026-08-03\r_No project associate..._00-33-45-019.md")
2026.08.29 12:49:26 INFO  No project associated with Uri(file:/C:/Users/jivan/OneDrive/Documents/Learning/TP/LearnScala/rockth... (full report at: "C:\Users\jivan\OneDrive\Documents\Learning\TP\LearnScala\rockthejvm\.metals\.reports\bloop\2026-08-03\r_No project associate..._00-33-45-019.md")
2026.08.29 12:49:26 INFO  No project associated with Uri(file:/C:/Users/jivan/OneDrive/Documents/Learning/TP/LearnScala/rockth... (full report at: "C:\Users\jivan\OneDrive\Documents\Learning\TP\LearnScala\rockthejvm\.metals\.reports\bloop\2026-08-03\r_No project associate..._00-33-45-019.md")
2026.08.29 12:49:26 INFO  No project associated with Uri(file:/C:/Users/jivan/OneDrive/Documents/Learning/TP/LearnScala/rockth... (full report at: "C:\Users\jivan\OneDrive\Documents\Learning\TP\LearnScala\rockthejvm\.metals\.reports\bloop\2026-08-03\r_No project associate..._00-33-45-019.md")
2026.08.29 12:49:26 INFO  No project associated with Uri(file:/C:/Users/jivan/OneDrive/Documents/Learning/TP/LearnScala/rockth... (full report at: "C:\Users\jivan\OneDrive\Documents\Learning\TP\LearnScala\rockthejvm\.metals\.reports\bloop\2026-08-03\r_No project associate..._00-33-45-019.md")
2026.08.29 12:49:26 INFO  No project associated with Uri(file:/C:/Users/jivan/OneDrive/Documents/Learning/TP/LearnScala/rockth... (full report at: "C:\Users\jivan\OneDrive\Documents\Learning\TP\LearnScala\rockthejvm\.metals\.reports\bloop\2026-08-03\r_No project associate..._00-33-45-019.md")
2026.08.29 12:49:26 INFO  No project associated with Uri(file:/C:/Users/jivan/OneDrive/Documents/Learning/TP/LearnScala/rockth... (full report at: "C:\Users\jivan\OneDrive\Documents\Learning\TP\LearnScala\rockthejvm\.metals\.reports\bloop\2026-08-03\r_No project associate..._00-33-45-019.md")
2026.08.29 12:49:26 INFO  No project associated with Uri(file:/C:/Users/jivan/OneDrive/Documents/Learning/TP/LearnScala/rockth... (full report at: "C:\Users\jivan\OneDrive\Documents\Learning\TP\LearnScala\rockthejvm\.metals\.reports\bloop\2026-08-03\r_No project associate..._00-33-45-019.md")
2026.08.29 12:49:26 INFO  No project associated with Uri(file:/C:/Users/jivan/OneDrive/Documents/Learning/TP/LearnScala/rockth... (full report at: "C:\Users\jivan\OneDrive\Documents\Learning\TP\LearnScala\rockthejvm\.metals\.reports\bloop\2026-08-03\r_No project associate..._00-33-45-019.md")
2026.08.29 12:49:26 INFO  No project associated with Uri(file:/C:/Users/jivan/OneDrive/Documents/Learning/TP/LearnScala/rockth... (full report at: "C:\Users\jivan\OneDrive\Documents\Learning\TP\LearnScala\rockthejvm\.metals\.reports\bloop\2026-08-03\r_No project associate..._00-33-45-019.md")
2026.08.29 12:49:26 INFO  No project associated with Uri(file:/C:/Users/jivan/OneDrive/Documents/Learning/TP/LearnScala/rockth... (full report at: "C:\Users\jivan\OneDrive\Documents\Learning\TP\LearnScala\rockthejvm\.metals\.reports\bloop\2026-08-03\r_No project associate..._00-33-45-019.md")
2026.08.29 12:49:26 INFO  No project associated with Uri(file:/C:/Users/jivan/OneDrive/Documents/Learning/TP/LearnScala/rockth... (full report at: "C:\Users\jivan\OneDrive\Documents\Learning\TP\LearnScala\rockthejvm\.metals\.reports\bloop\2026-08-03\r_No project associate..._00-33-45-019.md")
2026.08.29 12:49:26 INFO  No project associated with Uri(file:/C:/Users/jivan/OneDrive/Documents/Learning/TP/LearnScala/rockth... (full report at: "C:\Users\jivan\OneDrive\Documents\Learning\TP\LearnScala\rockthejvm\.metals\.reports\bloop\2026-08-03\r_No project associate..._00-33-45-019.md")
2026.08.29 12:49:26 INFO  No project associated with Uri(file:/C:/Users/jivan/OneDrive/Documents/Learning/TP/LearnScala/rockth... (full report at: "C:\Users\jivan\OneDrive\Documents\Learning\TP\LearnScala\rockthejvm\.metals\.reports\bloop\2026-08-03\r_No project associate..._00-33-45-019.md")
2026.08.29 12:49:26 INFO  No project associated with Uri(file:/C:/Users/jivan/OneDrive/Documents/Learning/TP/LearnScala/rockth... (full report at: "C:\Users\jivan\OneDrive\Documents\Learning\TP\LearnScala\rockthejvm\.metals\.reports\bloop\2026-08-03\r_No project associate..._00-33-45-019.md")
2026.08.29 12:49:26 INFO  No project associated with Uri(file:/C:/Users/jivan/OneDrive/Documents/Learning/TP/LearnScala/rockth... (full report at: "C:\Users\jivan\OneDrive\Documents\Learning\TP\LearnScala\rockthejvm\.metals\.reports\bloop\2026-08-03\r_No project associate..._00-33-45-019.md")
2026.08.29 12:49:26 INFO  No project associated with Uri(file:/C:/Users/jivan/OneDrive/Documents/Learning/TP/LearnScala/rockth... (full report at: "C:\Users\jivan\OneDrive\Documents\Learning\TP\LearnScala\rockthejvm\.metals\.reports\bloop\2026-08-03\r_No project associate..._00-33-45-019.md")
2026.08.29 12:49:26 INFO  No project associated with Uri(file:/C:/Users/jivan/OneDrive/Documents/Learning/TP/LearnScala/rockth... (full report at: "C:\Users\jivan\OneDrive\Documents\Learning\TP\LearnScala\rockthejvm\.metals\.reports\bloop\2026-08-03\r_No project associate..._00-33-45-019.md")
2026.08.29 12:50:37 INFO  No project associated with Uri(file:/C:/Users/jivan/OneDrive/Documents/Learning/TP/LearnScala/rockth... (full report at: "C:\Users\jivan\OneDrive\Documents\Learning\TP\LearnScala\rockthejvm\.metals\.reports\bloop\2026-08-03\r_No project associate..._00-33-45-019.md")
2026.08.29 12:50:37 INFO  No project associated with Uri(file:/C:/Users/jivan/OneDrive/Documents/Learning/TP/LearnScala/rockth... (full report at: "C:\Users\jivan\OneDrive\Documents\Learning\TP\LearnScala\rockthejvm\.metals\.reports\bloop\2026-08-03\r_No project associate..._00-33-45-019.md")
2026.08.29 12:50:37 INFO  No project associated with Uri(file:/C:/Users/jivan/OneDrive/Documents/Learning/TP/LearnScala/rockth... (full report at: "C:\Users\jivan\OneDrive\Documents\Learning\TP\LearnScala\rockthejvm\.metals\.reports\bloop\2026-08-03\r_No project associate..._00-33-45-019.md")
2026.08.29 12:50:37 INFO  No project associated with Uri(file:/C:/Users/jivan/OneDrive/Documents/Learning/TP/LearnScala/rockth... (full report at: "C:\Users\jivan\OneDrive\Documents\Learning\TP\LearnScala\rockthejvm\.metals\.reports\bloop\2026-08-03\r_No project associate..._00-33-45-019.md")
2026.08.29 12:50:37 INFO  No project associated with Uri(file:/C:/Users/jivan/OneDrive/Documents/Learning/TP/LearnScala/rockth... (full report at: "C:\Users\jivan\OneDrive\Documents\Learning\TP\LearnScala\rockthejvm\.metals\.reports\bloop\2026-08-03\r_No project associate..._00-33-45-019.md")
2026.08.29 12:50:37 INFO  No project associated with Uri(file:/C:/Users/jivan/OneDrive/Documents/Learning/TP/LearnScala/rockth... (full report at: "C:\Users\jivan\OneDrive\Documents\Learning\TP\LearnScala\rockthejvm\.metals\.reports\bloop\2026-08-03\r_No project associate..._00-33-45-019.md")
2026.08.29 12:50:37 INFO  No project associated with Uri(file:/C:/Users/jivan/OneDrive/Documents/Learning/TP/LearnScala/rockth... (full report at: "C:\Users\jivan\OneDrive\Documents\Learning\TP\LearnScala\rockthejvm\.metals\.reports\bloop\2026-08-03\r_No project associate..._00-33-45-019.md")
2026.08.29 12:50:37 INFO  No project associated with Uri(file:/C:/Users/jivan/OneDrive/Documents/Learning/TP/LearnScala/rockth... (full report at: "C:\Users\jivan\OneDrive\Documents\Learning\TP\LearnScala\rockthejvm\.metals\.reports\bloop\2026-08-03\r_No project associate..._00-33-45-019.md")
2026.08.29 12:50:37 INFO  No project associated with Uri(file:/C:/Users/jivan/OneDrive/Documents/Learning/TP/LearnScala/rockth... (full report at: "C:\Users\jivan\OneDrive\Documents\Learning\TP\LearnScala\rockthejvm\.metals\.reports\bloop\2026-08-03\r_No project associate..._00-33-45-019.md")
2026.08.29 12:50:37 INFO  No project associated with Uri(file:/C:/Users/jivan/OneDrive/Documents/Learning/TP/LearnScala/rockth... (full report at: "C:\Users\jivan\OneDrive\Documents\Learning\TP\LearnScala\rockthejvm\.metals\.reports\bloop\2026-08-03\r_No project associate..._00-33-45-019.md")
2026.08.29 12:50:37 INFO  No project associated with Uri(file:/C:/Users/jivan/OneDrive/Documents/Learning/TP/LearnScala/rockth... (full report at: "C:\Users\jivan\OneDrive\Documents\Learning\TP\LearnScala\rockthejvm\.metals\.reports\bloop\2026-08-03\r_No project associate..._00-33-45-019.md")
2026.08.29 12:50:37 INFO  No project associated with Uri(file:/C:/Users/jivan/OneDrive/Documents/Learning/TP/LearnScala/rockth... (full report at: "C:\Users\jivan\OneDrive\Documents\Learning\TP\LearnScala\rockthejvm\.metals\.reports\bloop\2026-08-03\r_No project associate..._00-33-45-019.md")
2026.08.29 12:50:37 INFO  No project associated with Uri(file:/C:/Users/jivan/OneDrive/Documents/Learning/TP/LearnScala/rockth... (full report at: "C:\Users\jivan\OneDrive\Documents\Learning\TP\LearnScala\rockthejvm\.metals\.reports\bloop\2026-08-03\r_No project associate..._00-33-45-019.md")
2026.08.29 12:50:37 INFO  No project associated with Uri(file:/C:/Users/jivan/OneDrive/Documents/Learning/TP/LearnScala/rockth... (full report at: "C:\Users\jivan\OneDrive\Documents\Learning\TP\LearnScala\rockthejvm\.metals\.reports\bloop\2026-08-03\r_No project associate..._00-33-45-019.md")
2026.08.29 12:50:37 INFO  No project associated with Uri(file:/C:/Users/jivan/OneDrive/Documents/Learning/TP/LearnScala/rockth... (full report at: "C:\Users\jivan\OneDrive\Documents\Learning\TP\LearnScala\rockthejvm\.metals\.reports\bloop\2026-08-03\r_No project associate..._00-33-45-019.md")
2026.08.29 12:50:37 INFO  No project associated with Uri(file:/C:/Users/jivan/OneDrive/Documents/Learning/TP/LearnScala/rockth... (full report at: "C:\Users\jivan\OneDrive\Documents\Learning\TP\LearnScala\rockthejvm\.metals\.reports\bloop\2026-08-03\r_No project associate..._00-33-45-019.md")
2026.08.29 12:50:37 INFO  No project associated with Uri(file:/C:/Users/jivan/OneDrive/Documents/Learning/TP/LearnScala/rockth... (full report at: "C:\Users\jivan\OneDrive\Documents\Learning\TP\LearnScala\rockthejvm\.metals\.reports\bloop\2026-08-03\r_No project associate..._00-33-45-019.md")
2026.08.29 12:50:37 INFO  No project associated with Uri(file:/C:/Users/jivan/OneDrive/Documents/Learning/TP/LearnScala/rockth... (full report at: "C:\Users\jivan\OneDrive\Documents\Learning\TP\LearnScala\rockthejvm\.metals\.reports\bloop\2026-08-03\r_No project associate..._00-33-45-019.md")
2026.08.29 12:50:37 INFO  No project associated with Uri(file:/C:/Users/jivan/OneDrive/Documents/Learning/TP/LearnScala/rockth... (full report at: "C:\Users\jivan\OneDrive\Documents\Learning\TP\LearnScala\rockthejvm\.metals\.reports\bloop\2026-08-03\r_No project associate..._00-33-45-019.md")
2026.08.29 12:50:37 INFO  No project associated with Uri(file:/C:/Users/jivan/OneDrive/Documents/Learning/TP/LearnScala/rockth... (full report at: "C:\Users\jivan\OneDrive\Documents\Learning\TP\LearnScala\rockthejvm\.metals\.reports\bloop\2026-08-03\r_No project associate..._00-33-45-019.md")
2026.08.29 12:50:37 INFO  No project associated with Uri(file:/C:/Users/jivan/OneDrive/Documents/Learning/TP/LearnScala/rockth... (full report at: "C:\Users\jivan\OneDrive\Documents\Learning\TP\LearnScala\rockthejvm\.metals\.reports\bloop\2026-08-03\r_No project associate..._00-33-45-019.md")
2026.08.29 12:50:37 INFO  No project associated with Uri(file:/C:/Users/jivan/OneDrive/Documents/Learning/TP/LearnScala/rockth... (full report at: "C:\Users\jivan\OneDrive\Documents\Learning\TP\LearnScala\rockthejvm\.metals\.reports\bloop\2026-08-03\r_No project associate..._00-33-45-019.md")
2026.08.29 12:50:37 INFO  No project associated with Uri(file:/C:/Users/jivan/OneDrive/Documents/Learning/TP/LearnScala/rockth... (full report at: "C:\Users\jivan\OneDrive\Documents\Learning\TP\LearnScala\rockthejvm\.metals\.reports\bloop\2026-08-03\r_No project associate..._00-33-45-019.md")
2026.08.29 12:50:37 INFO  No project associated with Uri(file:/C:/Users/jivan/OneDrive/Documents/Learning/TP/LearnScala/rockth... (full report at: "C:\Users\jivan\OneDrive\Documents\Learning\TP\LearnScala\rockthejvm\.metals\.reports\bloop\2026-08-03\r_No project associate..._00-33-45-019.md")
2026.08.29 12:50:37 INFO  No project associated with Uri(file:/C:/Users/jivan/OneDrive/Documents/Learning/TP/LearnScala/rockth... (full report at: "C:\Users\jivan\OneDrive\Documents\Learning\TP\LearnScala\rockthejvm\.metals\.reports\bloop\2026-08-03\r_No project associate..._00-33-45-019.md")
2026.08.29 12:50:37 INFO  No project associated with Uri(file:/C:/Users/jivan/OneDrive/Documents/Learning/TP/LearnScala/rockth... (full report at: "C:\Users\jivan\OneDrive\Documents\Learning\TP\LearnScala\rockthejvm\.metals\.reports\bloop\2026-08-03\r_No project associate..._00-33-45-019.md")
2026.08.29 12:50:37 INFO  No project associated with Uri(file:/C:/Users/jivan/OneDrive/Documents/Learning/TP/LearnScala/rockth... (full report at: "C:\Users\jivan\OneDrive\Documents\Learning\TP\LearnScala\rockthejvm\.metals\.reports\bloop\2026-08-03\r_No project associate..._00-33-45-019.md")
2026.08.29 12:50:37 INFO  No project associated with Uri(file:/C:/Users/jivan/OneDrive/Documents/Learning/TP/LearnScala/rockth... (full report at: "C:\Users\jivan\OneDrive\Documents\Learning\TP\LearnScala\rockthejvm\.metals\.reports\bloop\2026-08-03\r_No project associate..._00-33-45-019.md")
2026.08.29 12:50:37 INFO  No project associated with Uri(file:/C:/Users/jivan/OneDrive/Documents/Learning/TP/LearnScala/rockth... (full report at: "C:\Users\jivan\OneDrive\Documents\Learning\TP\LearnScala\rockthejvm\.metals\.reports\bloop\2026-08-03\r_No project associate..._00-33-45-019.md")
2026.08.29 12:50:37 INFO  No project associated with Uri(file:/C:/Users/jivan/OneDrive/Documents/Learning/TP/LearnScala/rockth... (full report at: "C:\Users\jivan\OneDrive\Documents\Learning\TP\LearnScala\rockthejvm\.metals\.reports\bloop\2026-08-03\r_No project associate..._00-33-45-019.md")
2026.08.29 12:50:37 INFO  No project associated with Uri(file:/C:/Users/jivan/OneDrive/Documents/Learning/TP/LearnScala/rockth... (full report at: "C:\Users\jivan\OneDrive\Documents\Learning\TP\LearnScala\rockthejvm\.metals\.reports\bloop\2026-08-03\r_No project associate..._00-33-45-019.md")
2026.08.29 12:50:37 INFO  No project associated with Uri(file:/C:/Users/jivan/OneDrive/Documents/Learning/TP/LearnScala/rockth... (full report at: "C:\Users\jivan\OneDrive\Documents\Learning\TP\LearnScala\rockthejvm\.metals\.reports\bloop\2026-08-03\r_No project associate..._00-33-45-019.md")
2026.08.29 12:50:37 INFO  No project associated with Uri(file:/C:/Users/jivan/OneDrive/Documents/Learning/TP/LearnScala/rockth... (full report at: "C:\Users\jivan\OneDrive\Documents\Learning\TP\LearnScala\rockthejvm\.metals\.reports\bloop\2026-08-03\r_No project associate..._00-33-45-019.md")
2026.08.29 12:50:38 INFO  No project associated with Uri(file:/C:/Users/jivan/OneDrive/Documents/Learning/TP/LearnScala/rockth... (full report at: "C:\Users\jivan\OneDrive\Documents\Learning\TP\LearnScala\rockthejvm\.metals\.reports\bloop\2026-08-03\r_No project associate..._00-33-45-019.md")
2026.08.29 12:50:38 INFO  No project associated with Uri(file:/C:/Users/jivan/OneDrive/Documents/Learning/TP/LearnScala/rockth... (full report at: "C:\Users\jivan\OneDrive\Documents\Learning\TP\LearnScala\rockthejvm\.metals\.reports\bloop\2026-08-03\r_No project associate..._00-33-45-019.md")
2026.08.29 12:50:38 INFO  No project associated with Uri(file:/C:/Users/jivan/OneDrive/Documents/Learning/TP/LearnScala/rockth... (full report at: "C:\Users\jivan\OneDrive\Documents\Learning\TP\LearnScala\rockthejvm\.metals\.reports\bloop\2026-08-03\r_No project associate..._00-33-45-019.md")
2026.08.29 12:50:38 INFO  No project associated with Uri(file:/C:/Users/jivan/OneDrive/Documents/Learning/TP/LearnScala/rockth... (full report at: "C:\Users\jivan\OneDrive\Documents\Learning\TP\LearnScala\rockthejvm\.metals\.reports\bloop\2026-08-03\r_No project associate..._00-33-45-019.md")
2026.08.29 12:50:38 INFO  No project associated with Uri(file:/C:/Users/jivan/OneDrive/Documents/Learning/TP/LearnScala/rockth... (full report at: "C:\Users\jivan\OneDrive\Documents\Learning\TP\LearnScala\rockthejvm\.metals\.reports\bloop\2026-08-03\r_No project associate..._00-33-45-019.md")
2026.08.29 12:50:38 INFO  No project associated with Uri(file:/C:/Users/jivan/OneDrive/Documents/Learning/TP/LearnScala/rockth... (full report at: "C:\Users\jivan\OneDrive\Documents\Learning\TP\LearnScala\rockthejvm\.metals\.reports\bloop\2026-08-03\r_No project associate..._00-33-45-019.md")
2026.08.29 12:50:38 INFO  No project associated with Uri(file:/C:/Users/jivan/OneDrive/Documents/Learning/TP/LearnScala/rockth... (full report at: "C:\Users\jivan\OneDrive\Documents\Learning\TP\LearnScala\rockthejvm\.metals\.reports\bloop\2026-08-03\r_No project associate..._00-33-45-019.md")
2026.08.29 12:50:38 INFO  No project associated with Uri(file:/C:/Users/jivan/OneDrive/Documents/Learning/TP/LearnScala/rockth... (full report at: "C:\Users\jivan\OneDrive\Documents\Learning\TP\LearnScala\rockthejvm\.metals\.reports\bloop\2026-08-03\r_No project associate..._00-33-45-019.md")
2026.08.29 12:50:38 INFO  No project associated with Uri(file:/C:/Users/jivan/OneDrive/Documents/Learning/TP/LearnScala/rockth... (full report at: "C:\Users\jivan\OneDrive\Documents\Learning\TP\LearnScala\rockthejvm\.metals\.reports\bloop\2026-08-03\r_No project associate..._00-33-45-019.md")
2026.08.29 12:50:38 INFO  No project associated with Uri(file:/C:/Users/jivan/OneDrive/Documents/Learning/TP/LearnScala/rockth... (full report at: "C:\Users\jivan\OneDrive\Documents\Learning\TP\LearnScala\rockthejvm\.metals\.reports\bloop\2026-08-03\r_No project associate..._00-33-45-019.md")
2026.08.29 12:50:38 INFO  No project associated with Uri(file:/C:/Users/jivan/OneDrive/Documents/Learning/TP/LearnScala/rockth... (full report at: "C:\Users\jivan\OneDrive\Documents\Learning\TP\LearnScala\rockthejvm\.metals\.reports\bloop\2026-08-03\r_No project associate..._00-33-45-019.md")
2026.08.29 12:50:38 INFO  No project associated with Uri(file:/C:/Users/jivan/OneDrive/Documents/Learning/TP/LearnScala/rockth... (full report at: "C:\Users\jivan\OneDrive\Documents\Learning\TP\LearnScala\rockthejvm\.metals\.reports\bloop\2026-08-03\r_No project associate..._00-33-45-019.md")
2026.08.29 12:50:38 INFO  No project associated with Uri(file:/C:/Users/jivan/OneDrive/Documents/Learning/TP/LearnScala/rockth... (full report at: "C:\Users\jivan\OneDrive\Documents\Learning\TP\LearnScala\rockthejvm\.metals\.reports\bloop\2026-08-03\r_No project associate..._00-33-45-019.md")
2026.08.29 12:50:38 INFO  No project associated with Uri(file:/C:/Users/jivan/OneDrive/Documents/Learning/TP/LearnScala/rockth... (full report at: "C:\Users\jivan\OneDrive\Documents\Learning\TP\LearnScala\rockthejvm\.metals\.reports\bloop\2026-08-03\r_No project associate..._00-33-45-019.md")
2026.08.29 12:50:38 INFO  No project associated with Uri(file:/C:/Users/jivan/OneDrive/Documents/Learning/TP/LearnScala/rockth... (full report at: "C:\Users\jivan\OneDrive\Documents\Learning\TP\LearnScala\rockthejvm\.metals\.reports\bloop\2026-08-03\r_No project associate..._00-33-45-019.md")
2026.08.29 12:50:38 INFO  No project associated with Uri(file:/C:/Users/jivan/OneDrive/Documents/Learning/TP/LearnScala/rockth... (full report at: "C:\Users\jivan\OneDrive\Documents\Learning\TP\LearnScala\rockthejvm\.metals\.reports\bloop\2026-08-03\r_No project associate..._00-33-45-019.md")
2026.08.29 12:50:38 INFO  No project associated with Uri(file:/C:/Users/jivan/OneDrive/Documents/Learning/TP/LearnScala/rockth... (full report at: "C:\Users\jivan\OneDrive\Documents\Learning\TP\LearnScala\rockthejvm\.metals\.reports\bloop\2026-08-03\r_No project associate..._00-33-45-019.md")
2026.08.29 12:50:38 INFO  No project associated with Uri(file:/C:/Users/jivan/OneDrive/Documents/Learning/TP/LearnScala/rockth... (full report at: "C:\Users\jivan\OneDrive\Documents\Learning\TP\LearnScala\rockthejvm\.metals\.reports\bloop\2026-08-03\r_No project associate..._00-33-45-019.md")
2026.08.29 12:51:14 INFO  Created report: Optional.empty
2026.08.29 12:51:14 INFO  No project associated with Uri(file:/C:/Users/jivan/OneDrive/Documents/Learning/TP/LearnScala/rockth... (full report at: "C:\Users\jivan\OneDrive\Documents\Learning\TP\LearnScala\rockthejvm\.metals\.reports\bloop\2026-08-29\r_No project associate..._12-51-14-971.md")
2026.08.29 12:51:14 INFO  No project associated with Uri(file:/C:/Users/jivan/OneDrive/Documents/Learning/TP/LearnScala/rockth... (full report at: "C:\Users\jivan\OneDrive\Documents\Learning\TP\LearnScala\rockthejvm\.metals\.reports\bloop\2026-08-29\r_No project associate..._12-51-14-971.md")
2026.08.29 12:51:14 INFO  No project associated with Uri(file:/C:/Users/jivan/OneDrive/Documents/Learning/TP/LearnScala/rockth... (full report at: "C:\Users\jivan\OneDrive\Documents\Learning\TP\LearnScala\rockthejvm\.metals\.reports\bloop\2026-08-29\r_No project associate..._12-51-14-971.md")
2026.08.29 12:51:14 INFO  No project associated with Uri(file:/C:/Users/jivan/OneDrive/Documents/Learning/TP/LearnScala/rockth... (full report at: "C:\Users\jivan\OneDrive\Documents\Learning\TP\LearnScala\rockthejvm\.metals\.reports\bloop\2026-08-29\r_No project associate..._12-51-14-971.md")
2026.08.29 12:51:14 INFO  No project associated with Uri(file:/C:/Users/jivan/OneDrive/Documents/Learning/TP/LearnScala/rockth... (full report at: "C:\Users\jivan\OneDrive\Documents\Learning\TP\LearnScala\rockthejvm\.metals\.reports\bloop\2026-08-29\r_No project associate..._12-51-14-971.md")
2026.08.29 12:51:14 INFO  No project associated with Uri(file:/C:/Users/jivan/OneDrive/Documents/Learning/TP/LearnScala/rockth... (full report at: "C:\Users\jivan\OneDrive\Documents\Learning\TP\LearnScala\rockthejvm\.metals\.reports\bloop\2026-08-29\r_No project associate..._12-51-14-971.md")
2026.08.29 12:51:21 INFO  No project associated with Uri(file:/C:/Users/jivan/OneDrive/Documents/Learning/TP/LearnScala/rockth... (full report at: "C:\Users\jivan\OneDrive\Documents\Learning\TP\LearnScala\rockthejvm\.metals\.reports\bloop\2026-08-03\r_No project associate..._00-33-45-019.md")
2026.08.29 12:51:21 INFO  No project associated with Uri(file:/C:/Users/jivan/OneDrive/Documents/Learning/TP/LearnScala/rockth... (full report at: "C:\Users\jivan\OneDrive\Documents\Learning\TP\LearnScala\rockthejvm\.metals\.reports\bloop\2026-08-03\r_No project associate..._00-33-45-019.md")
2026.08.29 12:51:21 INFO  No project associated with Uri(file:/C:/Users/jivan/OneDrive/Documents/Learning/TP/LearnScala/rockth... (full report at: "C:\Users\jivan\OneDrive\Documents\Learning\TP\LearnScala\rockthejvm\.metals\.reports\bloop\2026-08-03\r_No project associate..._00-33-45-019.md")
2026.08.29 12:51:21 INFO  No project associated with Uri(file:/C:/Users/jivan/OneDrive/Documents/Learning/TP/LearnScala/rockth... (full report at: "C:\Users\jivan\OneDrive\Documents\Learning\TP\LearnScala\rockthejvm\.metals\.reports\bloop\2026-08-03\r_No project associate..._00-33-45-019.md")
2026.08.29 12:51:21 INFO  No project associated with Uri(file:/C:/Users/jivan/OneDrive/Documents/Learning/TP/LearnScala/rockth... (full report at: "C:\Users\jivan\OneDrive\Documents\Learning\TP\LearnScala\rockthejvm\.metals\.reports\bloop\2026-08-03\r_No project associate..._00-33-45-019.md")
2026.08.29 12:51:21 INFO  No project associated with Uri(file:/C:/Users/jivan/OneDrive/Documents/Learning/TP/LearnScala/rockth... (full report at: "C:\Users\jivan\OneDrive\Documents\Learning\TP\LearnScala\rockthejvm\.metals\.reports\bloop\2026-08-03\r_No project associate..._00-33-45-019.md")
2026.08.29 12:51:21 INFO  No project associated with Uri(file:/C:/Users/jivan/OneDrive/Documents/Learning/TP/LearnScala/rockth... (full report at: "C:\Users\jivan\OneDrive\Documents\Learning\TP\LearnScala\rockthejvm\.metals\.reports\bloop\2026-08-03\r_No project associate..._00-33-45-019.md")
2026.08.29 12:51:21 INFO  No project associated with Uri(file:/C:/Users/jivan/OneDrive/Documents/Learning/TP/LearnScala/rockth... (full report at: "C:\Users\jivan\OneDrive\Documents\Learning\TP\LearnScala\rockthejvm\.metals\.reports\bloop\2026-08-03\r_No project associate..._00-33-45-019.md")
2026.08.29 12:51:21 INFO  No project associated with Uri(file:/C:/Users/jivan/OneDrive/Documents/Learning/TP/LearnScala/rockth... (full report at: "C:\Users\jivan\OneDrive\Documents\Learning\TP\LearnScala\rockthejvm\.metals\.reports\bloop\2026-08-03\r_No project associate..._00-33-45-019.md")
2026.08.29 12:51:21 INFO  No project associated with Uri(file:/C:/Users/jivan/OneDrive/Documents/Learning/TP/LearnScala/rockth... (full report at: "C:\Users\jivan\OneDrive\Documents\Learning\TP\LearnScala\rockthejvm\.metals\.reports\bloop\2026-08-29\r_No project associate..._12-51-14-971.md")
2026.08.29 12:51:21 INFO  No project associated with Uri(file:/C:/Users/jivan/OneDrive/Documents/Learning/TP/LearnScala/rockth... (full report at: "C:\Users\jivan\OneDrive\Documents\Learning\TP\LearnScala\rockthejvm\.metals\.reports\bloop\2026-08-29\r_No project associate..._12-51-14-971.md")
2026.08.29 12:51:21 INFO  No project associated with Uri(file:/C:/Users/jivan/OneDrive/Documents/Learning/TP/LearnScala/rockth... (full report at: "C:\Users\jivan\OneDrive\Documents\Learning\TP\LearnScala\rockthejvm\.metals\.reports\bloop\2026-08-29\r_No project associate..._12-51-14-971.md")
2026.08.29 12:51:21 INFO  No project associated with Uri(file:/C:/Users/jivan/OneDrive/Documents/Learning/TP/LearnScala/rockth... (full report at: "C:\Users\jivan\OneDrive\Documents\Learning\TP\LearnScala\rockthejvm\.metals\.reports\bloop\2026-08-29\r_No project associate..._12-51-14-971.md")
2026.08.29 12:51:21 INFO  No project associated with Uri(file:/C:/Users/jivan/OneDrive/Documents/Learning/TP/LearnScala/rockth... (full report at: "C:\Users\jivan\OneDrive\Documents\Learning\TP\LearnScala\rockthejvm\.metals\.reports\bloop\2026-08-29\r_No project associate..._12-51-14-971.md")
2026.08.29 12:51:21 INFO  No project associated with Uri(file:/C:/Users/jivan/OneDrive/Documents/Learning/TP/LearnScala/rockth... (full report at: "C:\Users\jivan\OneDrive\Documents\Learning\TP\LearnScala\rockthejvm\.metals\.reports\bloop\2026-08-03\r_No project associate..._00-33-45-019.md")
2026.08.29 12:51:21 INFO  No project associated with Uri(file:/C:/Users/jivan/OneDrive/Documents/Learning/TP/LearnScala/rockth... (full report at: "C:\Users\jivan\OneDrive\Documents\Learning\TP\LearnScala\rockthejvm\.metals\.reports\bloop\2026-08-29\r_No project associate..._12-51-14-971.md")
2026.08.29 12:51:21 INFO  No project associated with Uri(file:/C:/Users/jivan/OneDrive/Documents/Learning/TP/LearnScala/rockth... (full report at: "C:\Users\jivan\OneDrive\Documents\Learning\TP\LearnScala\rockthejvm\.metals\.reports\bloop\2026-08-03\r_No project associate..._00-33-45-019.md")
2026.08.29 12:51:21 INFO  No project associated with Uri(file:/C:/Users/jivan/OneDrive/Documents/Learning/TP/LearnScala/rockth... (full report at: "C:\Users\jivan\OneDrive\Documents\Learning\TP\LearnScala\rockthejvm\.metals\.reports\bloop\2026-08-03\r_No project associate..._00-33-45-019.md")
2026.08.29 12:51:21 INFO  No project associated with Uri(file:/C:/Users/jivan/OneDrive/Documents/Learning/TP/LearnScala/rockth... (full report at: "C:\Users\jivan\OneDrive\Documents\Learning\TP\LearnScala\rockthejvm\.metals\.reports\bloop\2026-08-03\r_No project associate..._00-33-45-019.md")
2026.08.29 12:51:21 INFO  No project associated with Uri(file:/C:/Users/jivan/OneDrive/Documents/Learning/TP/LearnScala/rockth... (full report at: "C:\Users\jivan\OneDrive\Documents\Learning\TP\LearnScala\rockthejvm\.metals\.reports\bloop\2026-08-03\r_No project associate..._00-33-45-019.md")
2026.08.29 12:51:21 INFO  No project associated with Uri(file:/C:/Users/jivan/OneDrive/Documents/Learning/TP/LearnScala/rockth... (full report at: "C:\Users\jivan\OneDrive\Documents\Learning\TP\LearnScala\rockthejvm\.metals\.reports\bloop\2026-08-03\r_No project associate..._00-33-45-019.md")
2026.08.29 12:51:21 INFO  No project associated with Uri(file:/C:/Users/jivan/OneDrive/Documents/Learning/TP/LearnScala/rockth... (full report at: "C:\Users\jivan\OneDrive\Documents\Learning\TP\LearnScala\rockthejvm\.metals\.reports\bloop\2026-08-03\r_No project associate..._00-33-45-019.md")
2026.08.29 12:51:21 INFO  No project associated with Uri(file:/C:/Users/jivan/OneDrive/Documents/Learning/TP/LearnScala/rockth... (full report at: "C:\Users\jivan\OneDrive\Documents\Learning\TP\LearnScala\rockthejvm\.metals\.reports\bloop\2026-08-03\r_No project associate..._00-33-45-019.md")
2026.08.29 12:51:21 INFO  No project associated with Uri(file:/C:/Users/jivan/OneDrive/Documents/Learning/TP/LearnScala/rockth... (full report at: "C:\Users\jivan\OneDrive\Documents\Learning\TP\LearnScala\rockthejvm\.metals\.reports\bloop\2026-08-03\r_No project associate..._00-33-45-019.md")
2026.08.29 12:51:21 INFO  No project associated with Uri(file:/C:/Users/jivan/OneDrive/Documents/Learning/TP/LearnScala/rockth... (full report at: "C:\Users\jivan\OneDrive\Documents\Learning\TP\LearnScala\rockthejvm\.metals\.reports\bloop\2026-08-03\r_No project associate..._00-33-45-019.md")
2026.08.29 12:51:21 INFO  No project associated with Uri(file:/C:/Users/jivan/OneDrive/Documents/Learning/TP/LearnScala/rockth... (full report at: "C:\Users\jivan\OneDrive\Documents\Learning\TP\LearnScala\rockthejvm\.metals\.reports\bloop\2026-08-03\r_No project associate..._00-33-45-019.md")
2026.08.29 12:51:21 INFO  No project associated with Uri(file:/C:/Users/jivan/OneDrive/Documents/Learning/TP/LearnScala/rockth... (full report at: "C:\Users\jivan\OneDrive\Documents\Learning\TP\LearnScala\rockthejvm\.metals\.reports\bloop\2026-08-03\r_No project associate..._00-33-45-019.md")
2026.08.29 12:51:44 INFO  No project associated with Uri(file:/C:/Users/jivan/OneDrive/Documents/Learning/TP/LearnScala/rockth... (full report at: "C:\Users\jivan\OneDrive\Documents\Learning\TP\LearnScala\rockthejvm\.metals\.reports\bloop\2026-08-29\r_No project associate..._12-51-14-971.md")
2026.08.29 12:51:44 INFO  No project associated with Uri(file:/C:/Users/jivan/OneDrive/Documents/Learning/TP/LearnScala/rockth... (full report at: "C:\Users\jivan\OneDrive\Documents\Learning\TP\LearnScala\rockthejvm\.metals\.reports\bloop\2026-08-29\r_No project associate..._12-51-14-971.md")
2026.08.29 12:51:44 INFO  No project associated with Uri(file:/C:/Users/jivan/OneDrive/Documents/Learning/TP/LearnScala/rockth... (full report at: "C:\Users\jivan\OneDrive\Documents\Learning\TP\LearnScala\rockthejvm\.metals\.reports\bloop\2026-08-29\r_No project associate..._12-51-14-971.md")
2026.08.29 12:51:44 INFO  No project associated with Uri(file:/C:/Users/jivan/OneDrive/Documents/Learning/TP/LearnScala/rockth... (full report at: "C:\Users\jivan\OneDrive\Documents\Learning\TP\LearnScala\rockthejvm\.metals\.reports\bloop\2026-08-29\r_No project associate..._12-51-14-971.md")
2026.08.29 12:51:44 INFO  No project associated with Uri(file:/C:/Users/jivan/OneDrive/Documents/Learning/TP/LearnScala/rockth... (full report at: "C:\Users\jivan\OneDrive\Documents\Learning\TP\LearnScala\rockthejvm\.metals\.reports\bloop\2026-08-29\r_No project associate..._12-51-14-971.md")
2026.08.29 12:51:44 INFO  No project associated with Uri(file:/C:/Users/jivan/OneDrive/Documents/Learning/TP/LearnScala/rockth... (full report at: "C:\Users\jivan\OneDrive\Documents\Learning\TP\LearnScala\rockthejvm\.metals\.reports\bloop\2026-08-29\r_No project associate..._12-51-14-971.md")
